source_ref,ingredient_name,unit_name,unit_norm,size_label,grams_per_unit,note
VDD_1001_convert,Xôi nếp cái hoa vàng,bát,bat,small,120.0,Khoảng 100-130g (1 bát vơi/nhỏ)
VDD_1001_convert,Xôi nếp cái hoa vàng,bát,bat,medium,150.0,Khoảng 140-160g (1 bát vừa chuẩn)
VDD_1001_convert,Xôi nếp cái hoa vàng,bát,bat,large,200.0,Khoảng 180-220g (1 bát đầy có ngọn)
VDD_1001_convert,Xôi nếp cái hoa vàng,chén,chen,small,100.0,Khoảng 80-110g (1 chén nhỏ)
VDD_1001_convert,Xôi nếp cái hoa vàng,chén,chen,medium,130.0,Khoảng 120-140g (1 chén vừa)
VDD_1001_convert,Xôi nếp cái hoa vàng,chén,chen,large,170.0,Khoảng 150-190g (1 chén đầy)
VDD_1002_convert,Xôi nếp thường,bát,bat,small,120.0,Khoảng 100-130g (1 bát vơi/nhỏ)
VDD_1002_convert,Xôi nếp thường,bát,bat,medium,150.0,Khoảng 140-160g (1 bát vừa chuẩn)
VDD_1002_convert,Xôi nếp thường,bát,bat,large,200.0,Khoảng 180-220g (1 bát đầy có ngọn)
VDD_1002_convert,Xôi nếp thường,chén,chen,small,100.0,Khoảng 80-110g (1 chén nhỏ)
VDD_1002_convert,Xôi nếp thường,chén,chen,medium,130.0,Khoảng 120-140g (1 chén vừa)
VDD_1002_convert,Xôi nếp thường,chén,chen,large,170.0,Khoảng 150-190g (1 chén đầy)
VDD_1003_convert,Cơm trắng (tẻ giã tay),bát,bat,small,120.0,Khoảng 100-130g (1 bát vơi/nhỏ)
VDD_1003_convert,Cơm trắng (tẻ giã tay),bát,bat,medium,150.0,Khoảng 140-160g (1 bát vừa chuẩn)
VDD_1003_convert,Cơm trắng (tẻ giã tay),bát,bat,large,200.0,Khoảng 180-220g (1 bát đầy có ngọn)
VDD_1003_convert,Cơm trắng (tẻ giã tay),chén,chen,small,100.0,Khoảng 80-110g (1 chén nhỏ)
VDD_1003_convert,Cơm trắng (tẻ giã tay),chén,chen,medium,130.0,Khoảng 120-140g (1 chén vừa)
VDD_1003_convert,Cơm trắng (tẻ giã tay),chén,chen,large,170.0,Khoảng 150-190g (1 chén đầy)
VDD_1004_chao_convert,Cháo trắng (nấu nhừ),bát,bat,small,200.0,Khoảng 150-220g (1 bát nhỏ)
VDD_1004_chao_convert,Cháo trắng (nấu nhừ),bát,bat,medium,300.0,Khoảng 250-320g (1 tô cháo vừa)
VDD_1004_chao_convert,Cháo trắng (nấu nhừ),bát,bat,large,400.0,Khoảng 350-450g (1 tô lớn)
VDD_1004_convert,Cơm trắng (tẻ máy),bát,bat,small,120.0,Khoảng 100-130g (1 bát vơi/nhỏ)
VDD_1004_convert,Cơm trắng (tẻ máy),bát,bat,medium,150.0,Khoảng 140-160g (1 bát vừa chuẩn)
VDD_1004_convert,Cơm trắng (tẻ máy),bát,bat,large,200.0,Khoảng 180-220g (1 bát đầy có ngọn)
VDD_1004_convert,Cơm trắng (tẻ máy),chén,chen,small,100.0,Khoảng 80-110g (1 chén nhỏ)
VDD_1004_convert,Cơm trắng (tẻ máy),chén,chen,medium,130.0,Khoảng 120-140g (1 chén vừa)
VDD_1004_convert,Cơm trắng (tẻ máy),chén,chen,large,170.0,Khoảng 150-190g (1 chén đầy)
VDD_1005_convert,Cơm gạo lứt,bát,bat,small,120.0,Khoảng 100-130g (1 bát vơi/nhỏ)
VDD_1005_convert,Cơm gạo lứt,bát,bat,medium,150.0,Khoảng 140-160g (1 bát vừa chuẩn)
VDD_1005_convert,Cơm gạo lứt,bát,bat,large,200.0,Khoảng 180-220g (1 bát đầy có ngọn)
VDD_1005_convert,Cơm gạo lứt,chén,chen,small,100.0,Khoảng 80-110g (1 chén nhỏ)
VDD_1005_convert,Cơm gạo lứt,chén,chen,medium,130.0,Khoảng 120-140g (1 chén vừa)
VDD_1005_convert,Cơm gạo lứt,chén,chen,large,170.0,Khoảng 150-190g (1 chén đầy)
VDD_1007,Ngô (cả bắp - tươi),bắp,bap,small,130.0,Khoảng 100-150g (1 bắp nhỏ phần hạt)
VDD_1007,Ngô (cả bắp - tươi),bắp,bap,medium,180.0,Khoảng 160-200g (1 bắp vừa)
VDD_1007,Ngô (cả bắp - tươi),bắp,bap,large,240.0,Khoảng 210-270g (1 bắp to)
VDD_1012,Bánh mỳ,ổ,o,small,70.0,Khoảng 60-80g (1 ổ nhỏ)
VDD_1012,Bánh mỳ,ổ,o,medium,90.0,Khoảng 85-95g (1 ổ vừa tiêu chuẩn)
VDD_1012,Bánh mỳ,ổ,o,large,120.0,Khoảng 110-130g (1 ổ lớn đặc ruột)
VDD_1013,Bánh phở,bát,bat,small,100.0,Khoảng 80-120g (1 vắt/bát nhỏ)
VDD_1013,Bánh phở,bát,bat,medium,150.0,Khoảng 130-170g (1 tô/vắt vừa chuẩn)
VDD_1013,Bánh phở,bát,bat,large,220.0,Khoảng 200-250g (1 tô lớn)
VDD_1017_13046_convert,Bánh tráng (khô),cái,cai,small,6.0,Khoảng 5-7g (1 cái nhỏ cuốn ram)
VDD_1017_13046_convert,Bánh tráng (khô),cái,cai,medium,10.0,Khoảng 8-12g (1 cái vừa cuốn gỏi)
VDD_1017_13046_convert,Bánh tráng (khô),cái,cai,large,16.0,Khoảng 14-20g (1 cái to/bánh tráng nướng)
VDD_1020,Bún tươi,bát,bat,small,100.0,Khoảng 80-120g (1 vắt/bát nhỏ)
VDD_1020,Bún tươi,bát,bat,medium,150.0,Khoảng 130-170g (1 tô/vắt vừa chuẩn)
VDD_1020,Bún tươi,bát,bat,large,220.0,Khoảng 200-250g (1 tô lớn)
MANUAL_1021_BANH_CANH,Sợi bánh canh (tươi),bát,bat,small,100.0,Khoảng 80-120g (1 vắt/bát nhỏ)
MANUAL_1021_BANH_CANH,Sợi bánh canh (tươi),bát,bat,medium,150.0,Khoảng 130-170g (1 tô/vắt vừa chuẩn)
MANUAL_1021_BANH_CANH,Sợi bánh canh (tươi),bát,bat,large,220.0,Khoảng 200-250g (1 tô lớn)
VDD_1043002,Mỳ ăn liền (lúa mì - luộc),bát,bat,small,100.0,Khoảng 80-120g (1 vắt/bát nhỏ)
VDD_1043002,Mỳ ăn liền (lúa mì - luộc),bát,bat,medium,150.0,Khoảng 130-170g (1 tô/vắt vừa chuẩn)
VDD_1043002,Mỳ ăn liền (lúa mì - luộc),bát,bat,large,220.0,Khoảng 200-250g (1 tô lớn)
VDD_1046002,Nui (luộc),bát,bat,small,100.0,Khoảng 80-120g (1 vắt/bát nhỏ)
VDD_1046002,Nui (luộc),bát,bat,medium,150.0,Khoảng 130-170g (1 tô/vắt vừa chuẩn)
VDD_1046002,Nui (luộc),bát,bat,large,220.0,Khoảng 200-250g (1 tô lớn)
VDD_2015,Miến dong (khô),bát,bat,small,100.0,Khoảng 80-120g (1 vắt/bát nhỏ)
VDD_2015,Miến dong (khô),bát,bat,medium,150.0,Khoảng 130-170g (1 tô/vắt vừa chuẩn)
VDD_2015,Miến dong (khô),bát,bat,large,220.0,Khoảng 200-250g (1 tô lớn)
VDD_3025,Đậu phụ (sống),miếng,mieng,small,80.0,Khoảng 60-90g (1 miếng nhỏ)
VDD_3025,Đậu phụ (sống),miếng,mieng,medium,120.0,Khoảng 100-140g (1 bìa vừa)
VDD_3025,Đậu phụ (sống),miếng,mieng,large,180.0,Khoảng 150-200g (1 bìa lớn)
VDD_3025002,Đậu phụ (luộc),miếng,mieng,small,80.0,Khoảng 60-90g (1 miếng nhỏ)
VDD_3025002,Đậu phụ (luộc),miếng,mieng,medium,120.0,Khoảng 100-140g (1 bìa vừa)
VDD_3025002,Đậu phụ (luộc),miếng,mieng,large,180.0,Khoảng 150-200g (1 bìa lớn)
VDD_3026,Đậu phụ (rán),miếng,mieng,small,80.0,Khoảng 60-90g (1 miếng nhỏ)
VDD_3026,Đậu phụ (rán),miếng,mieng,medium,120.0,Khoảng 100-140g (1 bìa vừa)
VDD_3026,Đậu phụ (rán),miếng,mieng,large,180.0,Khoảng 150-200g (1 bìa lớn)
VDD_3027,Đậu phụ (nướng),miếng,mieng,small,80.0,Khoảng 60-90g (1 miếng nhỏ)
VDD_3027,Đậu phụ (nướng),miếng,mieng,medium,120.0,Khoảng 100-140g (1 bìa vừa)
VDD_3027,Đậu phụ (nướng),miếng,mieng,large,180.0,Khoảng 150-200g (1 bìa lớn)
VDD_4001,"Quả bầu, tươi",khúc,khuc,small,80.0,Khoảng 60-100g (1 khúc nhỏ nấu canh)
VDD_4001,"Quả bầu, tươi",khúc,khuc,medium,130.0,Khoảng 110-150g (1 khúc vừa)
VDD_4001,"Quả bầu, tươi",khúc,khuc,large,190.0,Khoảng 160-220g (1 khúc lớn)
VDD_4001002,"Bầu, luộc",khúc,khuc,small,80.0,Khoảng 60-100g (1 khúc nhỏ nấu canh)
VDD_4001002,"Bầu, luộc",khúc,khuc,medium,130.0,Khoảng 110-150g (1 khúc vừa)
VDD_4001002,"Bầu, luộc",khúc,khuc,large,190.0,Khoảng 160-220g (1 khúc lớn)
VDD_4002,"Quả bí đao (bí xanh), tươi",khúc,khuc,small,80.0,Khoảng 60-100g (1 khúc nhỏ nấu canh)
VDD_4002,"Quả bí đao (bí xanh), tươi",khúc,khuc,medium,130.0,Khoảng 110-150g (1 khúc vừa)
VDD_4002,"Quả bí đao (bí xanh), tươi",khúc,khuc,large,190.0,Khoảng 160-220g (1 khúc lớn)
VDD_4002002,"Bí đao (bí xanh), luộc",khúc,khuc,small,80.0,Khoảng 60-100g (1 khúc nhỏ nấu canh)
VDD_4002002,"Bí đao (bí xanh), luộc",khúc,khuc,medium,130.0,Khoảng 110-150g (1 khúc vừa)
VDD_4002002,"Bí đao (bí xanh), luộc",khúc,khuc,large,190.0,Khoảng 160-220g (1 khúc lớn)
VDD_4003,"Quả bí ngô, tươi",bắp,bap,small,130.0,Khoảng 100-150g (1 bắp nhỏ phần hạt)
VDD_4003,"Quả bí ngô, tươi",bắp,bap,medium,180.0,Khoảng 160-200g (1 bắp vừa)
VDD_4003,"Quả bí ngô, tươi",bắp,bap,large,240.0,Khoảng 210-270g (1 bắp to)
VDD_4003002,"Bí ngô, luộc",bắp,bap,small,130.0,Khoảng 100-150g (1 bắp nhỏ phần hạt)
VDD_4003002,"Bí ngô, luộc",bắp,bap,medium,180.0,Khoảng 160-200g (1 bắp vừa)
VDD_4003002,"Bí ngô, luộc",bắp,bap,large,240.0,Khoảng 210-270g (1 bắp to)
VDD_4005,Quả cà chua (tươi),quả,qua,small,50.0,Khoảng 40-60g (1 quả nhỏ)
VDD_4005,Quả cà chua (tươi),quả,qua,medium,80.0,Khoảng 70-95g (1 quả vừa)
VDD_4005,Quả cà chua (tươi),quả,qua,large,120.0,Khoảng 100-140g (1 quả lớn)
VDD_4007,Củ cà rốt (tươi),khúc,khuc,small,70.0,Khoảng 50-80g (1 khúc nhỏ)
VDD_4007,Củ cà rốt (tươi),khúc,khuc,medium,110.0,Khoảng 90-130g (1 khúc vừa)
VDD_4007,Củ cà rốt (tươi),khúc,khuc,large,160.0,Khoảng 140-190g (1 khúc lớn)
VDD_4007002,Cà rốt (luộc),khúc,khuc,small,70.0,Khoảng 50-80g (1 khúc nhỏ)
VDD_4007002,Cà rốt (luộc),khúc,khuc,medium,110.0,Khoảng 90-130g (1 khúc vừa)
VDD_4007002,Cà rốt (luộc),khúc,khuc,large,160.0,Khoảng 140-190g (1 khúc lớn)
VDD_4008,Củ cà rốt (khô),khúc,khuc,small,70.0,Khoảng 50-80g (1 khúc nhỏ)
VDD_4008,Củ cà rốt (khô),khúc,khuc,medium,110.0,Khoảng 90-130g (1 khúc vừa)
VDD_4008,Củ cà rốt (khô),khúc,khuc,large,160.0,Khoảng 140-190g (1 khúc lớn)
VDD_4010,"Cải bắp trắng, tươi",bắp,bap,small,130.0,Khoảng 100-150g (1 bắp nhỏ phần hạt)
VDD_4010,"Cải bắp trắng, tươi",bắp,bap,medium,180.0,Khoảng 160-200g (1 bắp vừa)
VDD_4010,"Cải bắp trắng, tươi",bắp,bap,large,240.0,Khoảng 210-270g (1 bắp to)
VDD_4010002,"Cải bắp, luộc",bắp,bap,small,130.0,Khoảng 100-150g (1 bắp nhỏ phần hạt)
VDD_4010002,"Cải bắp, luộc",bắp,bap,medium,180.0,Khoảng 160-200g (1 bắp vừa)
VDD_4010002,"Cải bắp, luộc",bắp,bap,large,240.0,Khoảng 210-270g (1 bắp to)
VDD_4011,"Cải bắp đỏ, tươi",bắp,bap,small,130.0,Khoảng 100-150g (1 bắp nhỏ phần hạt)
VDD_4011,"Cải bắp đỏ, tươi",bắp,bap,medium,180.0,Khoảng 160-200g (1 bắp vừa)
VDD_4011,"Cải bắp đỏ, tươi",bắp,bap,large,240.0,Khoảng 210-270g (1 bắp to)
VDD_4011002,"Cải bắp đỏ, luộc",bắp,bap,small,130.0,Khoảng 100-150g (1 bắp nhỏ phần hạt)
VDD_4011002,"Cải bắp đỏ, luộc",bắp,bap,medium,180.0,Khoảng 160-200g (1 bắp vừa)
VDD_4011002,"Cải bắp đỏ, luộc",bắp,bap,large,240.0,Khoảng 210-270g (1 bắp to)
VDD_4012,"Cải bắp trắng, khô",bắp,bap,small,130.0,Khoảng 100-150g (1 bắp nhỏ phần hạt)
VDD_4012,"Cải bắp trắng, khô",bắp,bap,medium,180.0,Khoảng 160-200g (1 bắp vừa)
VDD_4012,"Cải bắp trắng, khô",bắp,bap,large,240.0,Khoảng 210-270g (1 bắp to)
VDD_4013,"Cải cúc, tươi",đĩa,dia,small,80.0,Khoảng 60-100g (1 đĩa nhỏ ít rau)
VDD_4013,"Cải cúc, tươi",đĩa,dia,medium,150.0,Khoảng 120-170g (1 đĩa vừa gia đình)
VDD_4013,"Cải cúc, tươi",đĩa,dia,large,220.0,Khoảng 190-250g (1 đĩa lớn nhiều rau)
VDD_4015,"Cải thìa (cải trắng), tươi",đĩa,dia,small,80.0,Khoảng 60-100g (1 đĩa nhỏ ít rau)
VDD_4015,"Cải thìa (cải trắng), tươi",đĩa,dia,medium,150.0,Khoảng 120-170g (1 đĩa vừa gia đình)
VDD_4015,"Cải thìa (cải trắng), tươi",đĩa,dia,large,220.0,Khoảng 190-250g (1 đĩa lớn nhiều rau)
VDD_4015002,"Cải thìa (cải trắng), luộc",đĩa,dia,small,80.0,Khoảng 60-100g (1 đĩa nhỏ ít rau)
VDD_4015002,"Cải thìa (cải trắng), luộc",đĩa,dia,medium,150.0,Khoảng 120-170g (1 đĩa vừa gia đình)
VDD_4015002,"Cải thìa (cải trắng), luộc",đĩa,dia,large,220.0,Khoảng 190-250g (1 đĩa lớn nhiều rau)
VDD_4016,"Cải xanh, tươi",đĩa,dia,small,80.0,Khoảng 60-100g (1 đĩa nhỏ ít rau)
VDD_4016,"Cải xanh, tươi",đĩa,dia,medium,150.0,Khoảng 120-170g (1 đĩa vừa gia đình)
VDD_4016,"Cải xanh, tươi",đĩa,dia,large,220.0,Khoảng 190-250g (1 đĩa lớn nhiều rau)
VDD_4016002,"Cải xanh, luộc",đĩa,dia,small,80.0,Khoảng 60-100g (1 đĩa nhỏ ít rau)
VDD_4016002,"Cải xanh, luộc",đĩa,dia,medium,150.0,Khoảng 120-170g (1 đĩa vừa gia đình)
VDD_4016002,"Cải xanh, luộc",đĩa,dia,large,220.0,Khoảng 190-250g (1 đĩa lớn nhiều rau)
VDD_4019,"Chuối xanh, tươi",quả,qua,small,70.0,Khoảng 50-80g (1 quả nhỏ)
VDD_4019,"Chuối xanh, tươi",quả,qua,medium,100.0,Khoảng 85-115g (1 quả vừa)
VDD_4019,"Chuối xanh, tươi",quả,qua,large,130.0,Khoảng 120-150g (1 quả lớn)
VDD_4019002,"Chuối xanh, luộc",quả,qua,small,70.0,Khoảng 50-80g (1 quả nhỏ)
VDD_4019002,"Chuối xanh, luộc",quả,qua,medium,100.0,Khoảng 85-115g (1 quả vừa)
VDD_4019002,"Chuối xanh, luộc",quả,qua,large,130.0,Khoảng 120-150g (1 quả lớn)
VDD_4025,"Dọc củ cải, non, tươi",con,con,small,10.0,Khoảng 5-15g (1 con nhỏ)
VDD_4025,"Dọc củ cải, non, tươi",con,con,medium,20.0,Khoảng 16-25g (1 con vừa)
VDD_4025,"Dọc củ cải, non, tươi",con,con,large,35.0,Khoảng 26-45g (1 con lớn)
VDD_4026,"Dọc mùng, tươi",con,con,small,10.0,Khoảng 5-15g (1 con nhỏ)
VDD_4026,"Dọc mùng, tươi",con,con,medium,20.0,Khoảng 16-25g (1 con vừa)
VDD_4026,"Dọc mùng, tươi",con,con,large,35.0,Khoảng 26-45g (1 con lớn)
VDD_4027,Dưa chuột (tươi),quả,qua,small,80.0,Khoảng 60-90g (1 quả nhỏ)
VDD_4027,Dưa chuột (tươi),quả,qua,medium,120.0,Khoảng 100-140g (1 quả vừa)
VDD_4027,Dưa chuột (tươi),quả,qua,large,160.0,Khoảng 150-180g (1 quả to)
VDD_4037_phi_convert,Hành phi (hành củ chiên giòn),muỗng canh,muong canh,small,4.0,Khoảng 1-6g (1 nhúm ít)
VDD_4037_phi_convert,Hành phi (hành củ chiên giòn),muỗng canh,muong canh,medium,8.0,Khoảng 7-10g (1 thìa vừa)
VDD_4037_phi_convert,Hành phi (hành củ chiên giòn),muỗng canh,muong canh,large,15.0,Khoảng 11-20g (nhiều hành phi)
VDD_4038,Hành lá (tươi),nhánh,nhanh,small,5.0,Khoảng 1-8g (1 nhánh ít)
VDD_4038,Hành lá (tươi),nhánh,nhanh,medium,12.0,Khoảng 9-16g (1 nhúm/gắp vừa)
VDD_4038,Hành lá (tươi),nhánh,nhanh,large,22.0,Khoảng 17-30g (nhiều rau thơm)
VDD_4043,Hoa chuối (tươi),quả,qua,small,70.0,Khoảng 50-80g (1 quả nhỏ)
VDD_4043,Hoa chuối (tươi),quả,qua,medium,100.0,Khoảng 85-115g (1 quả vừa)
VDD_4043,Hoa chuối (tươi),quả,qua,large,130.0,Khoảng 120-150g (1 quả lớn)
VDD_4048,"Lá mơ lông, tươi",muỗng canh,muong canh,small,5.0,Khoảng 1-8g (1 muỗng cà phê / ít)
VDD_4048,"Lá mơ lông, tươi",muỗng canh,muong canh,medium,15.0,Khoảng 9-18g (1 muỗng canh vừa chuẩn)
VDD_4048,"Lá mơ lông, tươi",muỗng canh,muong canh,large,25.0,Khoảng 19-30g (1 muỗng rưỡi / nhiều)
VDD_4048,"Lá mơ lông, tươi",muỗng cà phê,muong ca phe,medium,5.0,Khoảng 3-6g (1 thìa cà phê gia vị)
VDD_4058,"Ngô bao tử, tươi",bắp,bap,small,130.0,Khoảng 100-150g (1 bắp nhỏ phần hạt)
VDD_4058,"Ngô bao tử, tươi",bắp,bap,medium,180.0,Khoảng 160-200g (1 bắp vừa)
VDD_4058,"Ngô bao tử, tươi",bắp,bap,large,240.0,Khoảng 210-270g (1 bắp to)
VDD_4059,"Ngó sen, tươi",bắp,bap,small,130.0,Khoảng 100-150g (1 bắp nhỏ phần hạt)
VDD_4059,"Ngó sen, tươi",bắp,bap,medium,180.0,Khoảng 160-200g (1 bắp vừa)
VDD_4059,"Ngó sen, tươi",bắp,bap,large,240.0,Khoảng 210-270g (1 bắp to)
VDD_4070,"Rau đay, tươi",đĩa,dia,small,80.0,Khoảng 60-100g (1 đĩa nhỏ ít rau)
VDD_4070,"Rau đay, tươi",đĩa,dia,medium,150.0,Khoảng 120-170g (1 đĩa vừa gia đình)
VDD_4070,"Rau đay, tươi",đĩa,dia,large,220.0,Khoảng 190-250g (1 đĩa lớn nhiều rau)
VDD_4075,"Rau húng, tươi",nhánh,nhanh,small,5.0,Khoảng 1-8g (1 nhánh ít)
VDD_4075,"Rau húng, tươi",nhánh,nhanh,medium,12.0,Khoảng 9-16g (1 nhúm/gắp vừa)
VDD_4075,"Rau húng, tươi",nhánh,nhanh,large,22.0,Khoảng 17-30g (nhiều rau thơm)
VDD_4076,"Rau khoai lang, tươi",củ,cu,small,90.0,Khoảng 70-100g (1 củ nhỏ)
VDD_4076,"Rau khoai lang, tươi",củ,cu,medium,140.0,Khoảng 120-160g (1 củ vừa)
VDD_4076,"Rau khoai lang, tươi",củ,cu,large,200.0,Khoảng 180-230g (1 củ lớn)
VDD_4076002,"Rau khoai lang, luộc",củ,cu,small,90.0,Khoảng 70-100g (1 củ nhỏ)
VDD_4076002,"Rau khoai lang, luộc",củ,cu,medium,140.0,Khoảng 120-160g (1 củ vừa)
VDD_4076002,"Rau khoai lang, luộc",củ,cu,large,200.0,Khoảng 180-230g (1 củ lớn)
VDD_4077,"Rau kinh giới, tươi",nhánh,nhanh,small,5.0,Khoảng 1-8g (1 nhánh ít)
VDD_4077,"Rau kinh giới, tươi",nhánh,nhanh,medium,12.0,Khoảng 9-16g (1 nhúm/gắp vừa)
VDD_4077,"Rau kinh giới, tươi",nhánh,nhanh,large,22.0,Khoảng 17-30g (nhiều rau thơm)
VDD_4080,"Rau mồng tơi, tươi",đĩa,dia,small,80.0,Khoảng 60-100g (1 đĩa nhỏ ít rau)
VDD_4080,"Rau mồng tơi, tươi",đĩa,dia,medium,150.0,Khoảng 120-170g (1 đĩa vừa gia đình)
VDD_4080,"Rau mồng tơi, tươi",đĩa,dia,large,220.0,Khoảng 190-250g (1 đĩa lớn nhiều rau)
VDD_4080002,"Rau mồng tơi, luộc",đĩa,dia,small,80.0,Khoảng 60-100g (1 đĩa nhỏ ít rau)
VDD_4080002,"Rau mồng tơi, luộc",đĩa,dia,medium,150.0,Khoảng 120-170g (1 đĩa vừa gia đình)
VDD_4080002,"Rau mồng tơi, luộc",đĩa,dia,large,220.0,Khoảng 190-250g (1 đĩa lớn nhiều rau)
VDD_4081,"Rau mùi, tươi",nhánh,nhanh,small,5.0,Khoảng 1-8g (1 nhánh ít)
VDD_4081,"Rau mùi, tươi",nhánh,nhanh,medium,12.0,Khoảng 9-16g (1 nhúm/gắp vừa)
VDD_4081,"Rau mùi, tươi",nhánh,nhanh,large,22.0,Khoảng 17-30g (nhiều rau thơm)
VDD_4082,"Rau mùi tàu, tươi",nhánh,nhanh,small,5.0,Khoảng 1-8g (1 nhánh ít)
VDD_4082,"Rau mùi tàu, tươi",nhánh,nhanh,medium,12.0,Khoảng 9-16g (1 nhúm/gắp vừa)
VDD_4082,"Rau mùi tàu, tươi",nhánh,nhanh,large,22.0,Khoảng 17-30g (nhiều rau thơm)
VDD_4083,Rau muống (tươi),đĩa,dia,small,80.0,Khoảng 60-100g (1 đĩa nhỏ ít rau)
VDD_4083,Rau muống (tươi),đĩa,dia,medium,150.0,Khoảng 120-170g (1 đĩa vừa gia đình)
VDD_4083,Rau muống (tươi),đĩa,dia,large,220.0,Khoảng 190-250g (1 đĩa lớn nhiều rau)
VDD_4083002,Rau muống (luộc),đĩa,dia,small,80.0,Khoảng 60-100g (1 đĩa nhỏ ít rau)
VDD_4083002,Rau muống (luộc),đĩa,dia,medium,150.0,Khoảng 120-170g (1 đĩa vừa gia đình)
VDD_4083002,Rau muống (luộc),đĩa,dia,large,220.0,Khoảng 190-250g (1 đĩa lớn nhiều rau)
VDD_4084,Rau muống (khô),đĩa,dia,small,80.0,Khoảng 60-100g (1 đĩa nhỏ ít rau)
VDD_4084,Rau muống (khô),đĩa,dia,medium,150.0,Khoảng 120-170g (1 đĩa vừa gia đình)
VDD_4084,Rau muống (khô),đĩa,dia,large,220.0,Khoảng 190-250g (1 đĩa lớn nhiều rau)
VDD_4085,"Rau ngổ, tươi",bắp,bap,small,130.0,Khoảng 100-150g (1 bắp nhỏ phần hạt)
VDD_4085,"Rau ngổ, tươi",bắp,bap,medium,180.0,Khoảng 160-200g (1 bắp vừa)
VDD_4085,"Rau ngổ, tươi",bắp,bap,large,240.0,Khoảng 210-270g (1 bắp to)
VDD_4086,"Rau ngót, tươi",bắp,bap,small,130.0,Khoảng 100-150g (1 bắp nhỏ phần hạt)
VDD_4086,"Rau ngót, tươi",bắp,bap,medium,180.0,Khoảng 160-200g (1 bắp vừa)
VDD_4086,"Rau ngót, tươi",bắp,bap,large,240.0,Khoảng 210-270g (1 bắp to)
VDD_4087,"Rau ngót, khô",bắp,bap,small,130.0,Khoảng 100-150g (1 bắp nhỏ phần hạt)
VDD_4087,"Rau ngót, khô",bắp,bap,medium,180.0,Khoảng 160-200g (1 bắp vừa)
VDD_4087,"Rau ngót, khô",bắp,bap,large,240.0,Khoảng 210-270g (1 bắp to)
VDD_4094,Rau thơm (tươi),nhánh,nhanh,small,5.0,Khoảng 1-8g (1 nhánh ít)
VDD_4094,Rau thơm (tươi),nhánh,nhanh,medium,12.0,Khoảng 9-16g (1 nhúm/gắp vừa)
VDD_4094,Rau thơm (tươi),nhánh,nhanh,large,22.0,Khoảng 17-30g (nhiều rau thơm)
VDD_4102,"Tía tô, tươi",nhánh,nhanh,small,5.0,Khoảng 1-8g (1 nhánh ít)
VDD_4102,"Tía tô, tươi",nhánh,nhanh,medium,12.0,Khoảng 9-16g (1 nhúm/gắp vừa)
VDD_4102,"Tía tô, tươi",nhánh,nhanh,large,22.0,Khoảng 17-30g (nhiều rau thơm)
VDD_4108,"Rau cải ngọt, tươi",bắp,bap,small,130.0,Khoảng 100-150g (1 bắp nhỏ phần hạt)
VDD_4108,"Rau cải ngọt, tươi",bắp,bap,medium,180.0,Khoảng 160-200g (1 bắp vừa)
VDD_4108,"Rau cải ngọt, tươi",bắp,bap,large,240.0,Khoảng 210-270g (1 bắp to)
VDD_4108002,"Cải ngọt, luộc",bắp,bap,small,130.0,Khoảng 100-150g (1 bắp nhỏ phần hạt)
VDD_4108002,"Cải ngọt, luộc",bắp,bap,medium,180.0,Khoảng 160-200g (1 bắp vừa)
VDD_4108002,"Cải ngọt, luộc",bắp,bap,large,240.0,Khoảng 210-270g (1 bắp to)
VDD_4110,"Ngọn su su, tươi",bắp,bap,small,130.0,Khoảng 100-150g (1 bắp nhỏ phần hạt)
VDD_4110,"Ngọn su su, tươi",bắp,bap,medium,180.0,Khoảng 160-200g (1 bắp vừa)
VDD_4110,"Ngọn su su, tươi",bắp,bap,large,240.0,Khoảng 210-270g (1 bắp to)
VDD_4110002,"Ngọn su su, luộc",bắp,bap,small,130.0,Khoảng 100-150g (1 bắp nhỏ phần hạt)
VDD_4110002,"Ngọn su su, luộc",bắp,bap,medium,180.0,Khoảng 160-200g (1 bắp vừa)
VDD_4110002,"Ngọn su su, luộc",bắp,bap,large,240.0,Khoảng 210-270g (1 bắp to)
VDD_4112,Cà chua (muối),quả,qua,small,50.0,Khoảng 40-60g (1 quả nhỏ)
VDD_4112,Cà chua (muối),quả,qua,medium,80.0,Khoảng 70-95g (1 quả vừa)
VDD_4112,Cà chua (muối),quả,qua,large,120.0,Khoảng 100-140g (1 quả lớn)
VDD_4113,Cà pháo (muối nén),muỗng cà phê,muong ca phe,small,2.0,Khoảng 0.5-3g (1 nhúm ít)
VDD_4113,Cà pháo (muối nén),muỗng cà phê,muong ca phe,medium,5.0,Khoảng 4-6g (1 thìa cà phê vừa)
VDD_4113,Cà pháo (muối nén),muỗng cà phê,muong ca phe,large,10.0,Khoảng 7-12g (1 thìa đầy có ngọn)
VDD_4113,Cà pháo (muối nén),muỗng canh,muong canh,medium,15.0,Khoảng 12-18g (1 thìa canh lớn)
VDD_4114,Cà pháo (muối sổi),muỗng cà phê,muong ca phe,small,2.0,Khoảng 0.5-3g (1 nhúm ít)
VDD_4114,Cà pháo (muối sổi),muỗng cà phê,muong ca phe,medium,5.0,Khoảng 4-6g (1 thìa cà phê vừa)
VDD_4114,Cà pháo (muối sổi),muỗng cà phê,muong ca phe,large,10.0,Khoảng 7-12g (1 thìa đầy có ngọn)
VDD_4114,Cà pháo (muối sổi),muỗng canh,muong canh,medium,15.0,Khoảng 12-18g (1 thìa canh lớn)
VDD_4115,Dưa cải bắp,bắp,bap,small,130.0,Khoảng 100-150g (1 bắp nhỏ phần hạt)
VDD_4115,Dưa cải bắp,bắp,bap,medium,180.0,Khoảng 160-200g (1 bắp vừa)
VDD_4115,Dưa cải bắp,bắp,bap,large,240.0,Khoảng 210-270g (1 bắp to)
VDD_4118,Dưa chuột (muối),quả,qua,small,80.0,Khoảng 60-90g (1 quả nhỏ)
VDD_4118,Dưa chuột (muối),quả,qua,medium,120.0,Khoảng 100-140g (1 quả vừa)
VDD_4118,Dưa chuột (muối),quả,qua,large,160.0,Khoảng 150-180g (1 quả to)
VDD_4120,Hành củ (muối),muỗng cà phê,muong ca phe,small,2.0,Khoảng 0.5-3g (1 nhúm ít)
VDD_4120,Hành củ (muối),muỗng cà phê,muong ca phe,medium,5.0,Khoảng 4-6g (1 thìa cà phê vừa)
VDD_4120,Hành củ (muối),muỗng cà phê,muong ca phe,large,10.0,Khoảng 7-12g (1 thìa đầy có ngọn)
VDD_4120,Hành củ (muối),muỗng canh,muong canh,medium,15.0,Khoảng 12-18g (1 thìa canh lớn)
VDD_4121,Kiệu (muối),muỗng cà phê,muong ca phe,small,2.0,Khoảng 0.5-3g (1 nhúm ít)
VDD_4121,Kiệu (muối),muỗng cà phê,muong ca phe,medium,5.0,Khoảng 4-6g (1 thìa cà phê vừa)
VDD_4121,Kiệu (muối),muỗng cà phê,muong ca phe,large,10.0,Khoảng 7-12g (1 thìa đầy có ngọn)
VDD_4121,Kiệu (muối),muỗng canh,muong canh,medium,15.0,Khoảng 12-18g (1 thìa canh lớn)
VDD_4122,"Nhút (dưa muối từ mít non, lá đậu xanh non...)",muỗng cà phê,muong ca phe,small,2.0,Khoảng 0.5-3g (1 nhúm ít)
VDD_4122,"Nhút (dưa muối từ mít non, lá đậu xanh non...)",muỗng cà phê,muong ca phe,medium,5.0,Khoảng 4-6g (1 thìa cà phê vừa)
VDD_4122,"Nhút (dưa muối từ mít non, lá đậu xanh non...)",muỗng cà phê,muong ca phe,large,10.0,Khoảng 7-12g (1 thìa đầy có ngọn)
VDD_4122,"Nhút (dưa muối từ mít non, lá đậu xanh non...)",muỗng canh,muong canh,medium,15.0,Khoảng 12-18g (1 thìa canh lớn)
VDD_4125,"Mộc nhĩ, khô",con,con,small,10.0,Khoảng 5-15g (1 con nhỏ)
VDD_4125,"Mộc nhĩ, khô",con,con,medium,20.0,Khoảng 16-25g (1 con vừa)
VDD_4125,"Mộc nhĩ, khô",con,con,large,35.0,Khoảng 26-45g (1 con lớn)
VDD_4134,Cải ngồng,bắp,bap,small,130.0,Khoảng 100-150g (1 bắp nhỏ phần hạt)
VDD_4134,Cải ngồng,bắp,bap,medium,180.0,Khoảng 160-200g (1 bắp vừa)
VDD_4134,Cải ngồng,bắp,bap,large,240.0,Khoảng 210-270g (1 bắp to)
VDD_4134002,"Cải ngồng, luộc",bắp,bap,small,130.0,Khoảng 100-150g (1 bắp nhỏ phần hạt)
VDD_4134002,"Cải ngồng, luộc",bắp,bap,medium,180.0,Khoảng 160-200g (1 bắp vừa)
VDD_4134002,"Cải ngồng, luộc",bắp,bap,large,240.0,Khoảng 210-270g (1 bắp to)
VDD_7003,Thịt bò (loại I - tươi),miếng,mieng,small,40.0,Khoảng 30-50g (1 phần/gắp ít)
VDD_7003,Thịt bò (loại I - tươi),miếng,mieng,medium,70.0,Khoảng 60-80g (1 phần vừa chuẩn)
VDD_7003,Thịt bò (loại I - tươi),miếng,mieng,large,100.0,Khoảng 90-120g (1 phần nhiều/suất đẫy)
VDD_7004,Thịt bò (loại II - tươi),miếng,mieng,small,40.0,Khoảng 30-50g (1 phần/gắp ít)
VDD_7004,Thịt bò (loại II - tươi),miếng,mieng,medium,70.0,Khoảng 60-80g (1 phần vừa chuẩn)
VDD_7004,Thịt bò (loại II - tươi),miếng,mieng,large,100.0,Khoảng 90-120g (1 phần nhiều/suất đẫy)
VDD_7005,Thịt bò (lưng nạc - tươi),miếng,mieng,small,40.0,Khoảng 30-50g (1 phần/gắp ít)
VDD_7005,Thịt bò (lưng nạc - tươi),miếng,mieng,medium,70.0,Khoảng 60-80g (1 phần vừa chuẩn)
VDD_7005,Thịt bò (lưng nạc - tươi),miếng,mieng,large,100.0,Khoảng 90-120g (1 phần nhiều/suất đẫy)
VDD_7005018,Thịt bò (lưng nạc - chần),miếng,mieng,small,40.0,Khoảng 30-50g (1 phần/gắp ít)
VDD_7005018,Thịt bò (lưng nạc - chần),miếng,mieng,medium,70.0,Khoảng 60-80g (1 phần vừa chuẩn)
VDD_7005018,Thịt bò (lưng nạc - chần),miếng,mieng,large,100.0,Khoảng 90-120g (1 phần nhiều/suất đẫy)
VDD_7006,Thịt bò (lưng nạc và mỡ - tươi),miếng,mieng,small,40.0,Khoảng 30-50g (1 phần/gắp ít)
VDD_7006,Thịt bò (lưng nạc và mỡ - tươi),miếng,mieng,medium,70.0,Khoảng 60-80g (1 phần vừa chuẩn)
VDD_7006,Thịt bò (lưng nạc và mỡ - tươi),miếng,mieng,large,100.0,Khoảng 90-120g (1 phần nhiều/suất đẫy)
VDD_7006018,Thịt bò (lưng nạc và mỡ - chần),miếng,mieng,small,40.0,Khoảng 30-50g (1 phần/gắp ít)
VDD_7006018,Thịt bò (lưng nạc và mỡ - chần),miếng,mieng,medium,70.0,Khoảng 60-80g (1 phần vừa chuẩn)
VDD_7006018,Thịt bò (lưng nạc và mỡ - chần),miếng,mieng,large,100.0,Khoảng 90-120g (1 phần nhiều/suất đẫy)
VDD_7012,Thịt gà rừng (tươi),miếng,mieng,small,40.0,Khoảng 30-50g (1 phần/gắp nhỏ)
VDD_7012,Thịt gà rừng (tươi),miếng,mieng,medium,70.0,Khoảng 60-80g (1 phần vừa)
VDD_7012,Thịt gà rừng (tươi),miếng,mieng,large,100.0,Khoảng 90-120g (1 phần lớn)
VDD_7013,Thịt gà ta (tươi),miếng,mieng,small,40.0,Khoảng 30-50g (1 phần/gắp nhỏ)
VDD_7013,Thịt gà ta (tươi),miếng,mieng,medium,70.0,Khoảng 60-80g (1 phần vừa)
VDD_7013,Thịt gà ta (tươi),miếng,mieng,large,100.0,Khoảng 90-120g (1 phần lớn)
VDD_7014,Thịt gà tây (tươi),miếng,mieng,small,40.0,Khoảng 30-50g (1 phần/gắp nhỏ)
VDD_7014,Thịt gà tây (tươi),miếng,mieng,medium,70.0,Khoảng 60-80g (1 phần vừa)
VDD_7014,Thịt gà tây (tươi),miếng,mieng,large,100.0,Khoảng 90-120g (1 phần lớn)
VDD_7016,Thịt lợn (mỡ - tươi),miếng,mieng,small,40.0,Khoảng 30-50g (1 phần/gắp ít)
VDD_7016,Thịt lợn (mỡ - tươi),miếng,mieng,medium,70.0,Khoảng 60-80g (1 phần vừa chuẩn)
VDD_7016,Thịt lợn (mỡ - tươi),miếng,mieng,large,100.0,Khoảng 90-120g (1 phần nhiều/suất đẫy)
VDD_7017,Thịt lợn (nạc - tươi),miếng,mieng,small,40.0,Khoảng 30-50g (1 phần/gắp ít)
VDD_7017,Thịt lợn (nạc - tươi),miếng,mieng,medium,70.0,Khoảng 60-80g (1 phần vừa chuẩn)
VDD_7017,Thịt lợn (nạc - tươi),miếng,mieng,large,100.0,Khoảng 90-120g (1 phần nhiều/suất đẫy)
VDD_7018,Thịt lợn (nửa nạc nửa mỡ - tươi),miếng,mieng,small,40.0,Khoảng 30-50g (1 phần/gắp ít)
VDD_7018,Thịt lợn (nửa nạc nửa mỡ - tươi),miếng,mieng,medium,70.0,Khoảng 60-80g (1 phần vừa chuẩn)
VDD_7018,Thịt lợn (nửa nạc nửa mỡ - tươi),miếng,mieng,large,100.0,Khoảng 90-120g (1 phần nhiều/suất đẫy)
VDD_7018_convert,Thịt heo quay,miếng,mieng,small,40.0,Khoảng 30-50g (1 phần/gắp ít)
VDD_7018_convert,Thịt heo quay,miếng,mieng,medium,70.0,Khoảng 60-80g (1 phần vừa chuẩn)
VDD_7018_convert,Thịt heo quay,miếng,mieng,large,100.0,Khoảng 90-120g (1 phần nhiều/suất đẫy)
VDD_7029,Bầu dục bò (tươi),khúc,khuc,small,80.0,Khoảng 60-100g (1 khúc nhỏ nấu canh)
VDD_7029,Bầu dục bò (tươi),khúc,khuc,medium,130.0,Khoảng 110-150g (1 khúc vừa)
VDD_7029,Bầu dục bò (tươi),khúc,khuc,large,190.0,Khoảng 160-220g (1 khúc lớn)
VDD_7029002,Bầu dục bò (luộc),khúc,khuc,small,80.0,Khoảng 60-100g (1 khúc nhỏ nấu canh)
VDD_7029002,Bầu dục bò (luộc),khúc,khuc,medium,130.0,Khoảng 110-150g (1 khúc vừa)
VDD_7029002,Bầu dục bò (luộc),khúc,khuc,large,190.0,Khoảng 160-220g (1 khúc lớn)
VDD_7030,Bầu dục lợn (tươi),khúc,khuc,small,80.0,Khoảng 60-100g (1 khúc nhỏ nấu canh)
VDD_7030,Bầu dục lợn (tươi),khúc,khuc,medium,130.0,Khoảng 110-150g (1 khúc vừa)
VDD_7030,Bầu dục lợn (tươi),khúc,khuc,large,190.0,Khoảng 160-220g (1 khúc lớn)
VDD_7030002,Bầu dục lợn (luộc),khúc,khuc,small,80.0,Khoảng 60-100g (1 khúc nhỏ nấu canh)
VDD_7030002,Bầu dục lợn (luộc),khúc,khuc,medium,130.0,Khoảng 110-150g (1 khúc vừa)
VDD_7030002,Bầu dục lợn (luộc),khúc,khuc,large,190.0,Khoảng 160-220g (1 khúc lớn)
VDD_7049,Óc bò (tươi),con,con,small,10.0,Khoảng 5-15g (1 con nhỏ)
VDD_7049,Óc bò (tươi),con,con,medium,20.0,Khoảng 16-25g (1 con vừa)
VDD_7049,Óc bò (tươi),con,con,large,35.0,Khoảng 26-45g (1 con lớn)
VDD_7049002,Óc bò (luộc),con,con,small,10.0,Khoảng 5-15g (1 con nhỏ)
VDD_7049002,Óc bò (luộc),con,con,medium,20.0,Khoảng 16-25g (1 con vừa)
VDD_7049002,Óc bò (luộc),con,con,large,35.0,Khoảng 26-45g (1 con lớn)
VDD_7050,Óc lợn (tươi),con,con,small,10.0,Khoảng 5-15g (1 con nhỏ)
VDD_7050,Óc lợn (tươi),con,con,medium,20.0,Khoảng 16-25g (1 con vừa)
VDD_7050,Óc lợn (tươi),con,con,large,35.0,Khoảng 26-45g (1 con lớn)
VDD_7050002,Óc lợn (luộc),con,con,small,10.0,Khoảng 5-15g (1 con nhỏ)
VDD_7050002,Óc lợn (luộc),con,con,medium,20.0,Khoảng 16-25g (1 con vừa)
VDD_7050002,Óc lợn (luộc),con,con,large,35.0,Khoảng 26-45g (1 con lớn)
VDD_7053,Sườn lợn (tươi),miếng,mieng,small,70.0,Khoảng 50-80g (1 miếng sườn nhỏ)
VDD_7053,Sườn lợn (tươi),miếng,mieng,medium,100.0,Khoảng 85-115g (1 miếng sườn vừa cơm tấm)
VDD_7053,Sườn lợn (tươi),miếng,mieng,large,140.0,Khoảng 125-160g (1 miếng sườn lớn)
VDD_7065,Chả quế lợn,lát,lat,small,20.0,Khoảng 15-25g (1 lát mỏng)
VDD_7065,Chả quế lợn,lát,lat,medium,35.0,Khoảng 30-45g (1 khoanh/lát vừa)
VDD_7065,Chả quế lợn,lát,lat,large,60.0,Khoảng 50-70g (1 khoanh dày)
VDD_7068,Giò bò (chín),lát,lat,small,20.0,Khoảng 15-25g (1 lát mỏng)
VDD_7068,Giò bò (chín),lát,lat,medium,35.0,Khoảng 30-45g (1 khoanh/lát vừa)
VDD_7068,Giò bò (chín),lát,lat,large,60.0,Khoảng 50-70g (1 khoanh dày)
VDD_7069,Giò lụa (chín),lát,lat,small,20.0,Khoảng 15-25g (1 lát mỏng)
VDD_7069,Giò lụa (chín),lát,lat,medium,35.0,Khoảng 30-45g (1 khoanh/lát vừa)
VDD_7069,Giò lụa (chín),lát,lat,large,60.0,Khoảng 50-70g (1 khoanh dày)
VDD_7070,Giò thủ lợn (chín),lát,lat,small,20.0,Khoảng 15-25g (1 lát mỏng)
VDD_7070,Giò thủ lợn (chín),lát,lat,medium,35.0,Khoảng 30-45g (1 khoanh/lát vừa)
VDD_7070,Giò thủ lợn (chín),lát,lat,large,60.0,Khoảng 50-70g (1 khoanh dày)
VDD_7074,Ruốc thịt lợn,miếng,mieng,small,40.0,Khoảng 30-50g (1 phần/gắp ít)
VDD_7074,Ruốc thịt lợn,miếng,mieng,medium,70.0,Khoảng 60-80g (1 phần vừa chuẩn)
VDD_7074,Ruốc thịt lợn,miếng,mieng,large,100.0,Khoảng 90-120g (1 phần nhiều/suất đẫy)
VDD_7075,Thịt bò khô,miếng,mieng,small,40.0,Khoảng 30-50g (1 phần/gắp ít)
VDD_7075,Thịt bò khô,miếng,mieng,medium,70.0,Khoảng 60-80g (1 phần vừa chuẩn)
VDD_7075,Thịt bò khô,miếng,mieng,large,100.0,Khoảng 90-120g (1 phần nhiều/suất đẫy)
VDD_7083,Thịt lợn (nạc vai - tươi),miếng,mieng,small,40.0,Khoảng 30-50g (1 phần/gắp ít)
VDD_7083,Thịt lợn (nạc vai - tươi),miếng,mieng,medium,70.0,Khoảng 60-80g (1 phần vừa chuẩn)
VDD_7083,Thịt lợn (nạc vai - tươi),miếng,mieng,large,100.0,Khoảng 90-120g (1 phần nhiều/suất đẫy)
VDD_7083002,Thịt lợn (nạc vai - luộc),miếng,mieng,small,40.0,Khoảng 30-50g (1 phần/gắp ít)
VDD_7083002,Thịt lợn (nạc vai - luộc),miếng,mieng,medium,70.0,Khoảng 60-80g (1 phần vừa chuẩn)
VDD_7083002,Thịt lợn (nạc vai - luộc),miếng,mieng,large,100.0,Khoảng 90-120g (1 phần nhiều/suất đẫy)
VDD_7084,Thịt lợn (nạc mông - tươi),miếng,mieng,small,40.0,Khoảng 30-50g (1 phần/gắp ít)
VDD_7084,Thịt lợn (nạc mông - tươi),miếng,mieng,medium,70.0,Khoảng 60-80g (1 phần vừa chuẩn)
VDD_7084,Thịt lợn (nạc mông - tươi),miếng,mieng,large,100.0,Khoảng 90-120g (1 phần nhiều/suất đẫy)
VDD_7084002,Thịt lợn (nạc mông - luộc),miếng,mieng,small,40.0,Khoảng 30-50g (1 phần/gắp ít)
VDD_7084002,Thịt lợn (nạc mông - luộc),miếng,mieng,medium,70.0,Khoảng 60-80g (1 phần vừa chuẩn)
VDD_7084002,Thịt lợn (nạc mông - luộc),miếng,mieng,large,100.0,Khoảng 90-120g (1 phần nhiều/suất đẫy)
VDD_7085,Thịt lợn (nạc thăn - tươi),miếng,mieng,small,40.0,Khoảng 30-50g (1 phần/gắp ít)
VDD_7085,Thịt lợn (nạc thăn - tươi),miếng,mieng,medium,70.0,Khoảng 60-80g (1 phần vừa chuẩn)
VDD_7085,Thịt lợn (nạc thăn - tươi),miếng,mieng,large,100.0,Khoảng 90-120g (1 phần nhiều/suất đẫy)
VDD_7085002,Thịt lợn (nạc thăn - luộc),miếng,mieng,small,40.0,Khoảng 30-50g (1 phần/gắp ít)
VDD_7085002,Thịt lợn (nạc thăn - luộc),miếng,mieng,medium,70.0,Khoảng 60-80g (1 phần vừa chuẩn)
VDD_7085002,Thịt lợn (nạc thăn - luộc),miếng,mieng,large,100.0,Khoảng 90-120g (1 phần nhiều/suất đẫy)
VDD_7087,Thịt gà công nghiệp (cánh - tươi),cái,cai,small,60.0,Khoảng 50-70g (1 cái cánh nhỏ)
VDD_7087,Thịt gà công nghiệp (cánh - tươi),cái,cai,medium,85.0,Khoảng 75-95g (1 cái cánh vừa)
VDD_7087,Thịt gà công nghiệp (cánh - tươi),cái,cai,large,110.0,Khoảng 100-130g (1 cái cánh lớn)
VDD_7087002,Thịt gà công nghiệp (cánh - luộc),cái,cai,small,60.0,Khoảng 50-70g (1 cái cánh nhỏ)
VDD_7087002,Thịt gà công nghiệp (cánh - luộc),cái,cai,medium,85.0,Khoảng 75-95g (1 cái cánh vừa)
VDD_7087002,Thịt gà công nghiệp (cánh - luộc),cái,cai,large,110.0,Khoảng 100-130g (1 cái cánh lớn)
VDD_7088,Thịt gà công nghiệp (đùi - tươi),cái,cai,small,100.0,Khoảng 80-110g (1 cái đùi tỏi nhỏ)
VDD_7088,Thịt gà công nghiệp (đùi - tươi),cái,cai,medium,130.0,Khoảng 115-145g (1 cái đùi vừa)
VDD_7088,Thịt gà công nghiệp (đùi - tươi),cái,cai,large,180.0,Khoảng 160-220g (1 cái đùi góc tư lớn)
VDD_7088002,Thịt gà công nghiệp (đùi - luộc),cái,cai,small,100.0,Khoảng 80-110g (1 cái đùi tỏi nhỏ)
VDD_7088002,Thịt gà công nghiệp (đùi - luộc),cái,cai,medium,130.0,Khoảng 115-145g (1 cái đùi vừa)
VDD_7088002,Thịt gà công nghiệp (đùi - luộc),cái,cai,large,180.0,Khoảng 160-220g (1 cái đùi góc tư lớn)
VDD_7089,Thịt gà công nghiệp (lườn - tươi),miếng,mieng,small,40.0,Khoảng 30-50g (1 phần/gắp nhỏ)
VDD_7089,Thịt gà công nghiệp (lườn - tươi),miếng,mieng,medium,70.0,Khoảng 60-80g (1 phần vừa)
VDD_7089,Thịt gà công nghiệp (lườn - tươi),miếng,mieng,large,100.0,Khoảng 90-120g (1 phần lớn)
VDD_7094,Thịt bò (bắp - sống),miếng,mieng,small,40.0,Khoảng 30-50g (1 phần/gắp ít)
VDD_7094,Thịt bò (bắp - sống),miếng,mieng,medium,70.0,Khoảng 60-80g (1 phần vừa chuẩn)
VDD_7094,Thịt bò (bắp - sống),miếng,mieng,large,100.0,Khoảng 90-120g (1 phần nhiều/suất đẫy)
VDD_7094003,Thịt bò (bắp - hấp),miếng,mieng,small,40.0,Khoảng 30-50g (1 phần/gắp ít)
VDD_7094003,Thịt bò (bắp - hấp),miếng,mieng,medium,70.0,Khoảng 60-80g (1 phần vừa chuẩn)
VDD_7094003,Thịt bò (bắp - hấp),miếng,mieng,large,100.0,Khoảng 90-120g (1 phần nhiều/suất đẫy)
VDD_7095003,Thịt bò (vai - hấp),miếng,mieng,small,40.0,Khoảng 30-50g (1 phần/gắp ít)
VDD_7095003,Thịt bò (vai - hấp),miếng,mieng,medium,70.0,Khoảng 60-80g (1 phần vừa chuẩn)
VDD_7095003,Thịt bò (vai - hấp),miếng,mieng,large,100.0,Khoảng 90-120g (1 phần nhiều/suất đẫy)
VDD_7105002,Thịt gà ta (đùi - luộc),cái,cai,small,100.0,Khoảng 80-110g (1 cái đùi tỏi nhỏ)
VDD_7105002,Thịt gà ta (đùi - luộc),cái,cai,medium,130.0,Khoảng 115-145g (1 cái đùi vừa)
VDD_7105002,Thịt gà ta (đùi - luộc),cái,cai,large,180.0,Khoảng 160-220g (1 cái đùi góc tư lớn)
VDD_7106002,Thịt gà ta (lườn đùi - luộc),cái,cai,small,100.0,Khoảng 80-110g (1 cái đùi tỏi nhỏ)
VDD_7106002,Thịt gà ta (lườn đùi - luộc),cái,cai,medium,130.0,Khoảng 115-145g (1 cái đùi vừa)
VDD_7106002,Thịt gà ta (lườn đùi - luộc),cái,cai,large,180.0,Khoảng 160-220g (1 cái đùi góc tư lớn)
VDD_7107002,Thịt gà ta (cánh đùi - luộc),cái,cai,small,100.0,Khoảng 80-110g (1 cái đùi tỏi nhỏ)
VDD_7107002,Thịt gà ta (cánh đùi - luộc),cái,cai,medium,130.0,Khoảng 115-145g (1 cái đùi vừa)
VDD_7107002,Thịt gà ta (cánh đùi - luộc),cái,cai,large,180.0,Khoảng 160-220g (1 cái đùi góc tư lớn)
VDD_7108002,Thịt gà ta (chân đùi - luộc),cái,cai,small,100.0,Khoảng 80-110g (1 cái đùi tỏi nhỏ)
VDD_7108002,Thịt gà ta (chân đùi - luộc),cái,cai,medium,130.0,Khoảng 115-145g (1 cái đùi vừa)
VDD_7108002,Thịt gà ta (chân đùi - luộc),cái,cai,large,180.0,Khoảng 160-220g (1 cái đùi góc tư lớn)
VDD_7111002,Thịt gà công nghiệp (cổ - luộc),miếng,mieng,small,40.0,Khoảng 30-50g (1 phần/gắp nhỏ)
VDD_7111002,Thịt gà công nghiệp (cổ - luộc),miếng,mieng,medium,70.0,Khoảng 60-80g (1 phần vừa)
VDD_7111002,Thịt gà công nghiệp (cổ - luộc),miếng,mieng,large,100.0,Khoảng 90-120g (1 phần lớn)
VDD_7112,Thịt lợn (mông - sống),miếng,mieng,small,40.0,Khoảng 30-50g (1 phần/gắp ít)
VDD_7112,Thịt lợn (mông - sống),miếng,mieng,medium,70.0,Khoảng 60-80g (1 phần vừa chuẩn)
VDD_7112,Thịt lợn (mông - sống),miếng,mieng,large,100.0,Khoảng 90-120g (1 phần nhiều/suất đẫy)
VDD_8003,Cá chép (tươi),khúc,khuc,small,70.0,Khoảng 50-80g (1 khúc nhỏ)
VDD_8003,Cá chép (tươi),khúc,khuc,medium,110.0,Khoảng 90-130g (1 khúc vừa)
VDD_8003,Cá chép (tươi),khúc,khuc,large,160.0,Khoảng 140-190g (1 khúc lớn)
VDD_8003_hap_convert,Cá chép (hấp),khúc,khuc,small,70.0,Khoảng 50-80g (1 khúc nhỏ)
VDD_8003_hap_convert,Cá chép (hấp),khúc,khuc,medium,110.0,Khoảng 90-130g (1 khúc vừa)
VDD_8003_hap_convert,Cá chép (hấp),khúc,khuc,large,160.0,Khoảng 140-190g (1 khúc lớn)
VDD_8003_ran_convert,Cá chép (rán),khúc,khuc,small,70.0,Khoảng 50-80g (1 khúc nhỏ)
VDD_8003_ran_convert,Cá chép (rán),khúc,khuc,medium,110.0,Khoảng 90-130g (1 khúc vừa)
VDD_8003_ran_convert,Cá chép (rán),khúc,khuc,large,160.0,Khoảng 140-190g (1 khúc lớn)
VDD_8011,Cá hồi (tươi),khúc,khuc,small,70.0,Khoảng 50-80g (1 khúc nhỏ)
VDD_8011,Cá hồi (tươi),khúc,khuc,medium,110.0,Khoảng 90-130g (1 khúc vừa)
VDD_8011,Cá hồi (tươi),khúc,khuc,large,160.0,Khoảng 140-190g (1 khúc lớn)
VDD_8011_hap_convert,Cá hồi (hấp),khúc,khuc,small,70.0,Khoảng 50-80g (1 khúc nhỏ)
VDD_8011_hap_convert,Cá hồi (hấp),khúc,khuc,medium,110.0,Khoảng 90-130g (1 khúc vừa)
VDD_8011_hap_convert,Cá hồi (hấp),khúc,khuc,large,160.0,Khoảng 140-190g (1 khúc lớn)
VDD_8011_nuong_convert,Cá hồi (nướng / áp chảo),khúc,khuc,small,70.0,Khoảng 50-80g (1 khúc nhỏ)
VDD_8011_nuong_convert,Cá hồi (nướng / áp chảo),khúc,khuc,medium,110.0,Khoảng 90-130g (1 khúc vừa)
VDD_8011_nuong_convert,Cá hồi (nướng / áp chảo),khúc,khuc,large,160.0,Khoảng 140-190g (1 khúc lớn)
VDD_8021,Cá phèn (tươi),con,con,small,10.0,Khoảng 5-15g (1 con nhỏ)
VDD_8021,Cá phèn (tươi),con,con,medium,20.0,Khoảng 16-25g (1 con vừa)
VDD_8021,Cá phèn (tươi),con,con,large,35.0,Khoảng 26-45g (1 con lớn)
VDD_8022,Cá quả (tươi),khúc,khuc,small,70.0,Khoảng 50-80g (1 khúc nhỏ)
VDD_8022,Cá quả (tươi),khúc,khuc,medium,110.0,Khoảng 90-130g (1 khúc vừa)
VDD_8022,Cá quả (tươi),khúc,khuc,large,160.0,Khoảng 140-190g (1 khúc lớn)
VDD_8022_chien_convert,Cá quả (chiên giòn),khúc,khuc,small,70.0,Khoảng 50-80g (1 khúc nhỏ)
VDD_8022_chien_convert,Cá quả (chiên giòn),khúc,khuc,medium,110.0,Khoảng 90-130g (1 khúc vừa)
VDD_8022_chien_convert,Cá quả (chiên giòn),khúc,khuc,large,160.0,Khoảng 140-190g (1 khúc lớn)
VDD_8022_luoc_convert,Cá quả (luộc / hấp),khúc,khuc,small,70.0,Khoảng 50-80g (1 khúc nhỏ)
VDD_8022_luoc_convert,Cá quả (luộc / hấp),khúc,khuc,medium,110.0,Khoảng 90-130g (1 khúc vừa)
VDD_8022_luoc_convert,Cá quả (luộc / hấp),khúc,khuc,large,160.0,Khoảng 140-190g (1 khúc lớn)
VDD_8023,Cá rô đồng (tươi),khúc,khuc,small,70.0,Khoảng 50-80g (1 khúc nhỏ)
VDD_8023,Cá rô đồng (tươi),khúc,khuc,medium,110.0,Khoảng 90-130g (1 khúc vừa)
VDD_8023,Cá rô đồng (tươi),khúc,khuc,large,160.0,Khoảng 140-190g (1 khúc lớn)
VDD_8024,Cá rô phi (tươi),khúc,khuc,small,70.0,Khoảng 50-80g (1 khúc nhỏ)
VDD_8024,Cá rô phi (tươi),khúc,khuc,medium,110.0,Khoảng 90-130g (1 khúc vừa)
VDD_8024,Cá rô phi (tươi),khúc,khuc,large,160.0,Khoảng 140-190g (1 khúc lớn)
VDD_8024008,Cá rô phi (chiên giòn),khúc,khuc,small,70.0,Khoảng 50-80g (1 khúc nhỏ)
VDD_8024008,Cá rô phi (chiên giòn),khúc,khuc,medium,110.0,Khoảng 90-130g (1 khúc vừa)
VDD_8024008,Cá rô phi (chiên giòn),khúc,khuc,large,160.0,Khoảng 140-190g (1 khúc lớn)
VDD_8026,Cá thu (tươi),khúc,khuc,small,70.0,Khoảng 50-80g (1 khúc nhỏ)
VDD_8026,Cá thu (tươi),khúc,khuc,medium,110.0,Khoảng 90-130g (1 khúc vừa)
VDD_8026,Cá thu (tươi),khúc,khuc,large,160.0,Khoảng 140-190g (1 khúc lớn)
VDD_8026_nuong_convert,Cá thu (nướng),khúc,khuc,small,70.0,Khoảng 50-80g (1 khúc nhỏ)
VDD_8026_nuong_convert,Cá thu (nướng),khúc,khuc,medium,110.0,Khoảng 90-130g (1 khúc vừa)
VDD_8026_nuong_convert,Cá thu (nướng),khúc,khuc,large,160.0,Khoảng 140-190g (1 khúc lớn)
VDD_8026_ran_convert,Cá thu (rán),khúc,khuc,small,70.0,Khoảng 50-80g (1 khúc nhỏ)
VDD_8026_ran_convert,Cá thu (rán),khúc,khuc,medium,110.0,Khoảng 90-130g (1 khúc vừa)
VDD_8026_ran_convert,Cá thu (rán),khúc,khuc,large,160.0,Khoảng 140-190g (1 khúc lớn)
VDD_8027,Cá thu đao (tươi),khúc,khuc,small,70.0,Khoảng 50-80g (1 khúc nhỏ)
VDD_8027,Cá thu đao (tươi),khúc,khuc,medium,110.0,Khoảng 90-130g (1 khúc vừa)
VDD_8027,Cá thu đao (tươi),khúc,khuc,large,160.0,Khoảng 140-190g (1 khúc lớn)
VDD_8030,Cá trê (tươi),khúc,khuc,small,70.0,Khoảng 50-80g (1 khúc nhỏ)
VDD_8030,Cá trê (tươi),khúc,khuc,medium,110.0,Khoảng 90-130g (1 khúc vừa)
VDD_8030,Cá trê (tươi),khúc,khuc,large,160.0,Khoảng 140-190g (1 khúc lớn)
VDD_8030_nuong_convert,Cá trê (nướng),khúc,khuc,small,70.0,Khoảng 50-80g (1 khúc nhỏ)
VDD_8030_nuong_convert,Cá trê (nướng),khúc,khuc,medium,110.0,Khoảng 90-130g (1 khúc vừa)
VDD_8030_nuong_convert,Cá trê (nướng),khúc,khuc,large,160.0,Khoảng 140-190g (1 khúc lớn)
VDD_8030_ran_convert,Cá trê (rán),khúc,khuc,small,70.0,Khoảng 50-80g (1 khúc nhỏ)
VDD_8030_ran_convert,Cá trê (rán),khúc,khuc,medium,110.0,Khoảng 90-130g (1 khúc vừa)
VDD_8030_ran_convert,Cá trê (rán),khúc,khuc,large,160.0,Khoảng 140-190g (1 khúc lớn)
VDD_8033,Cua bể (tươi),con,con,small,80.0,Khoảng 60-100g phần thịt nhỏ
VDD_8033,Cua bể (tươi),con,con,medium,130.0,Khoảng 110-150g phần thịt vừa
VDD_8033,Cua bể (tươi),con,con,large,200.0,Khoảng 170-240g phần thịt lớn
VDD_8033_luoc_convert,Cua bể (luộc / hấp),con,con,small,80.0,Khoảng 60-100g phần thịt nhỏ
VDD_8033_luoc_convert,Cua bể (luộc / hấp),con,con,medium,130.0,Khoảng 110-150g phần thịt vừa
VDD_8033_luoc_convert,Cua bể (luộc / hấp),con,con,large,200.0,Khoảng 170-240g phần thịt lớn
VDD_8034,Cua đồng (tươi),con,con,small,80.0,Khoảng 60-100g phần thịt nhỏ
VDD_8034,Cua đồng (tươi),con,con,medium,130.0,Khoảng 110-150g phần thịt vừa
VDD_8034,Cua đồng (tươi),con,con,large,200.0,Khoảng 170-240g phần thịt lớn
VDD_8034_luoc_convert,Cua đồng (luộc / hấp),con,con,small,80.0,Khoảng 60-100g phần thịt nhỏ
VDD_8034_luoc_convert,Cua đồng (luộc / hấp),con,con,medium,130.0,Khoảng 110-150g phần thịt vừa
VDD_8034_luoc_convert,Cua đồng (luộc / hấp),con,con,large,200.0,Khoảng 170-240g phần thịt lớn
VDD_8035,Cua ghẹ (tươi),con,con,small,80.0,Khoảng 60-100g phần thịt nhỏ
VDD_8035,Cua ghẹ (tươi),con,con,medium,130.0,Khoảng 110-150g phần thịt vừa
VDD_8035,Cua ghẹ (tươi),con,con,large,200.0,Khoảng 170-240g phần thịt lớn
VDD_8035_luoc_convert,Cua ghẹ (luộc / hấp),con,con,small,80.0,Khoảng 60-100g phần thịt nhỏ
VDD_8035_luoc_convert,Cua ghẹ (luộc / hấp),con,con,medium,130.0,Khoảng 110-150g phần thịt vừa
VDD_8035_luoc_convert,Cua ghẹ (luộc / hấp),con,con,large,200.0,Khoảng 170-240g phần thịt lớn
VDD_8039,Mực khô (sống),con,con,small,40.0,Khoảng 30-50g (1 con mực nhỏ/ống)
VDD_8039,Mực khô (sống),con,con,medium,70.0,Khoảng 60-80g (1 con vừa/khoanh)
VDD_8039,Mực khô (sống),con,con,large,120.0,Khoảng 100-150g (1 con lớn)
VDD_8040,Mực (tươi),con,con,small,40.0,Khoảng 30-50g (1 con mực nhỏ/ống)
VDD_8040,Mực (tươi),con,con,medium,70.0,Khoảng 60-80g (1 con vừa/khoanh)
VDD_8040,Mực (tươi),con,con,large,120.0,Khoảng 100-150g (1 con lớn)
VDD_8040_chien_convert,Mực tươi (chiên giòn),con,con,small,40.0,Khoảng 30-50g (1 con mực nhỏ/ống)
VDD_8040_chien_convert,Mực tươi (chiên giòn),con,con,medium,70.0,Khoảng 60-80g (1 con vừa/khoanh)
VDD_8040_chien_convert,Mực tươi (chiên giòn),con,con,large,120.0,Khoảng 100-150g (1 con lớn)
VDD_8040_luoc_convert,Mực tươi (luộc),con,con,small,40.0,Khoảng 30-50g (1 con mực nhỏ/ống)
VDD_8040_luoc_convert,Mực tươi (luộc),con,con,medium,70.0,Khoảng 60-80g (1 con vừa/khoanh)
VDD_8040_luoc_convert,Mực tươi (luộc),con,con,large,120.0,Khoảng 100-150g (1 con lớn)
VDD_8040003,Mực tươi (hấp),con,con,small,40.0,Khoảng 30-50g (1 con mực nhỏ/ống)
VDD_8040003,Mực tươi (hấp),con,con,medium,70.0,Khoảng 60-80g (1 con vừa/khoanh)
VDD_8040003,Mực tươi (hấp),con,con,large,120.0,Khoảng 100-150g (1 con lớn)
VDD_8040014,Mực tươi (nướng),con,con,small,40.0,Khoảng 30-50g (1 con mực nhỏ/ống)
VDD_8040014,Mực tươi (nướng),con,con,medium,70.0,Khoảng 60-80g (1 con vừa/khoanh)
VDD_8040014,Mực tươi (nướng),con,con,large,120.0,Khoảng 100-150g (1 con lớn)
VDD_8041,Ốc bươu (tươi),con,con,small,10.0,Khoảng 5-15g (1 con nhỏ)
VDD_8041,Ốc bươu (tươi),con,con,medium,20.0,Khoảng 16-25g (1 con vừa)
VDD_8041,Ốc bươu (tươi),con,con,large,35.0,Khoảng 26-45g (1 con lớn)
VDD_8041_nuong_convert,Ốc bươu (nướng),con,con,small,10.0,Khoảng 5-15g (1 con nhỏ)
VDD_8041_nuong_convert,Ốc bươu (nướng),con,con,medium,20.0,Khoảng 16-25g (1 con vừa)
VDD_8041_nuong_convert,Ốc bươu (nướng),con,con,large,35.0,Khoảng 26-45g (1 con lớn)
VDD_8041002,Ốc bươu (luộc / hấp),con,con,small,10.0,Khoảng 5-15g (1 con nhỏ)
VDD_8041002,Ốc bươu (luộc / hấp),con,con,medium,20.0,Khoảng 16-25g (1 con vừa)
VDD_8041002,Ốc bươu (luộc / hấp),con,con,large,35.0,Khoảng 26-45g (1 con lớn)
VDD_8042,Ốc đá (tươi),con,con,small,10.0,Khoảng 5-15g (1 con nhỏ)
VDD_8042,Ốc đá (tươi),con,con,medium,20.0,Khoảng 16-25g (1 con vừa)
VDD_8042,Ốc đá (tươi),con,con,large,35.0,Khoảng 26-45g (1 con lớn)
VDD_8043,Ốc nhồi (tươi),con,con,small,10.0,Khoảng 5-15g (1 con nhỏ)
VDD_8043,Ốc nhồi (tươi),con,con,medium,20.0,Khoảng 16-25g (1 con vừa)
VDD_8043,Ốc nhồi (tươi),con,con,large,35.0,Khoảng 26-45g (1 con lớn)
VDD_8043_nuong_convert,Ốc nhồi (nướng),con,con,small,10.0,Khoảng 5-15g (1 con nhỏ)
VDD_8043_nuong_convert,Ốc nhồi (nướng),con,con,medium,20.0,Khoảng 16-25g (1 con vừa)
VDD_8043_nuong_convert,Ốc nhồi (nướng),con,con,large,35.0,Khoảng 26-45g (1 con lớn)
VDD_8043003,Ốc nhồi (luộc / hấp),con,con,small,10.0,Khoảng 5-15g (1 con nhỏ)
VDD_8043003,Ốc nhồi (luộc / hấp),con,con,medium,20.0,Khoảng 16-25g (1 con vừa)
VDD_8043003,Ốc nhồi (luộc / hấp),con,con,large,35.0,Khoảng 26-45g (1 con lớn)
VDD_8044,Ốc vặn (tươi),con,con,small,10.0,Khoảng 5-15g (1 con nhỏ)
VDD_8044,Ốc vặn (tươi),con,con,medium,20.0,Khoảng 16-25g (1 con vừa)
VDD_8044,Ốc vặn (tươi),con,con,large,35.0,Khoảng 26-45g (1 con lớn)
VDD_8044002,Ốc vặn (luộc / hấp),con,con,small,10.0,Khoảng 5-15g (1 con nhỏ)
VDD_8044002,Ốc vặn (luộc / hấp),con,con,medium,20.0,Khoảng 16-25g (1 con vừa)
VDD_8044002,Ốc vặn (luộc / hấp),con,con,large,35.0,Khoảng 26-45g (1 con lớn)
VDD_8051,Tôm biển (tươi),con,con,small,15.0,Khoảng 10-18g (1 con tôm nhỏ)
VDD_8051,Tôm biển (tươi),con,con,medium,25.0,Khoảng 20-30g (1 con tôm vừa)
VDD_8051,Tôm biển (tươi),con,con,large,40.0,Khoảng 35-50g (1 con tôm lớn)
VDD_8051_chien_convert,Tôm biển (chiên giòn),con,con,small,15.0,Khoảng 10-18g (1 con tôm nhỏ)
VDD_8051_chien_convert,Tôm biển (chiên giòn),con,con,medium,25.0,Khoảng 20-30g (1 con tôm vừa)
VDD_8051_chien_convert,Tôm biển (chiên giòn),con,con,large,40.0,Khoảng 35-50g (1 con tôm lớn)
VDD_8051002,Tôm biển (luộc),con,con,small,15.0,Khoảng 10-18g (1 con tôm nhỏ)
VDD_8051002,Tôm biển (luộc),con,con,medium,25.0,Khoảng 20-30g (1 con tôm vừa)
VDD_8051002,Tôm biển (luộc),con,con,large,40.0,Khoảng 35-50g (1 con tôm lớn)
VDD_8051014,Tôm biển (nướng),con,con,small,15.0,Khoảng 10-18g (1 con tôm nhỏ)
VDD_8051014,Tôm biển (nướng),con,con,medium,25.0,Khoảng 20-30g (1 con tôm vừa)
VDD_8051014,Tôm biển (nướng),con,con,large,40.0,Khoảng 35-50g (1 con tôm lớn)
VDD_8052,Tôm đồng (tươi),con,con,small,15.0,Khoảng 10-18g (1 con tôm nhỏ)
VDD_8052,Tôm đồng (tươi),con,con,medium,25.0,Khoảng 20-30g (1 con tôm vừa)
VDD_8052,Tôm đồng (tươi),con,con,large,40.0,Khoảng 35-50g (1 con tôm lớn)
VDD_8052_chien_convert,Tôm đồng (chiên giòn),con,con,small,15.0,Khoảng 10-18g (1 con tôm nhỏ)
VDD_8052_chien_convert,Tôm đồng (chiên giòn),con,con,medium,25.0,Khoảng 20-30g (1 con tôm vừa)
VDD_8052_chien_convert,Tôm đồng (chiên giòn),con,con,large,40.0,Khoảng 35-50g (1 con tôm lớn)
VDD_8052002,Tôm đồng (luộc),con,con,small,15.0,Khoảng 10-18g (1 con tôm nhỏ)
VDD_8052002,Tôm đồng (luộc),con,con,medium,25.0,Khoảng 20-30g (1 con tôm vừa)
VDD_8052002,Tôm đồng (luộc),con,con,large,40.0,Khoảng 35-50g (1 con tôm lớn)
VDD_8052014,Tôm đồng (nướng),con,con,small,15.0,Khoảng 10-18g (1 con tôm nhỏ)
VDD_8052014,Tôm đồng (nướng),con,con,medium,25.0,Khoảng 20-30g (1 con tôm vừa)
VDD_8052014,Tôm đồng (nướng),con,con,large,40.0,Khoảng 35-50g (1 con tôm lớn)
VDD_8053,Tôm biển (khô),con,con,small,15.0,Khoảng 10-18g (1 con tôm nhỏ)
VDD_8053,Tôm biển (khô),con,con,medium,25.0,Khoảng 20-30g (1 con tôm vừa)
VDD_8053,Tôm biển (khô),con,con,large,40.0,Khoảng 35-50g (1 con tôm lớn)
VDD_8059,Ruốc tôm,con,con,small,10.0,Khoảng 5-15g (1 con nhỏ)
VDD_8059,Ruốc tôm,con,con,medium,20.0,Khoảng 16-25g (1 con vừa)
VDD_8059,Ruốc tôm,con,con,large,35.0,Khoảng 26-45g (1 con lớn)
VDD_8062,Cá điêu hồng,khúc,khuc,small,70.0,Khoảng 50-80g (1 khúc nhỏ)
VDD_8062,Cá điêu hồng,khúc,khuc,medium,110.0,Khoảng 90-130g (1 khúc vừa)
VDD_8062,Cá điêu hồng,khúc,khuc,large,160.0,Khoảng 140-190g (1 khúc lớn)
VDD_8062_chien_convert,Cá điêu hồng (chiên giòn),khúc,khuc,small,70.0,Khoảng 50-80g (1 khúc nhỏ)
VDD_8062_chien_convert,Cá điêu hồng (chiên giòn),khúc,khuc,medium,110.0,Khoảng 90-130g (1 khúc vừa)
VDD_8062_chien_convert,Cá điêu hồng (chiên giòn),khúc,khuc,large,160.0,Khoảng 140-190g (1 khúc lớn)
VDD_8062_hap_convert,Cá điêu hồng (hấp),khúc,khuc,small,70.0,Khoảng 50-80g (1 khúc nhỏ)
VDD_8062_hap_convert,Cá điêu hồng (hấp),khúc,khuc,medium,110.0,Khoảng 90-130g (1 khúc vừa)
VDD_8062_hap_convert,Cá điêu hồng (hấp),khúc,khuc,large,160.0,Khoảng 140-190g (1 khúc lớn)
VDD_8063,Cá basa (phi lê),khúc,khuc,small,70.0,Khoảng 50-80g (1 khúc nhỏ)
VDD_8063,Cá basa (phi lê),khúc,khuc,medium,110.0,Khoảng 90-130g (1 khúc vừa)
VDD_8063,Cá basa (phi lê),khúc,khuc,large,160.0,Khoảng 140-190g (1 khúc lớn)
VDD_8063_chien_convert,Cá basa (chiên giòn),khúc,khuc,small,70.0,Khoảng 50-80g (1 khúc nhỏ)
VDD_8063_chien_convert,Cá basa (chiên giòn),khúc,khuc,medium,110.0,Khoảng 90-130g (1 khúc vừa)
VDD_8063_chien_convert,Cá basa (chiên giòn),khúc,khuc,large,160.0,Khoảng 140-190g (1 khúc lớn)
VDD_8063_hap_convert,Cá basa (kho / hấp),khúc,khuc,small,70.0,Khoảng 50-80g (1 khúc nhỏ)
VDD_8063_hap_convert,Cá basa (kho / hấp),khúc,khuc,medium,110.0,Khoảng 90-130g (1 khúc vừa)
VDD_8063_hap_convert,Cá basa (kho / hấp),khúc,khuc,large,160.0,Khoảng 140-190g (1 khúc lớn)
VDD_8064008,Chả cá basa rán,miếng,mieng,small,20.0,Khoảng 15-25g (1 lát/miếng nhỏ)
VDD_8064008,Chả cá basa rán,miếng,mieng,medium,35.0,Khoảng 30-45g (1 miếng vừa)
VDD_8064008,Chả cá basa rán,miếng,mieng,large,60.0,Khoảng 50-70g (1 miếng dày)
VDD_8074_nuong_convert,Ốc móng tay (nướng),con,con,small,10.0,Khoảng 5-15g (1 con nhỏ)
VDD_8074_nuong_convert,Ốc móng tay (nướng),con,con,medium,20.0,Khoảng 16-25g (1 con vừa)
VDD_8074_nuong_convert,Ốc móng tay (nướng),con,con,large,35.0,Khoảng 26-45g (1 con lớn)
VDD_8074002,Ốc móng tay (luộc / hấp),con,con,small,10.0,Khoảng 5-15g (1 con nhỏ)
VDD_8074002,Ốc móng tay (luộc / hấp),con,con,medium,20.0,Khoảng 16-25g (1 con vừa)
VDD_8074002,Ốc móng tay (luộc / hấp),con,con,large,35.0,Khoảng 26-45g (1 con lớn)
VDD_8075_nuong_convert,Ốc hương (nướng),con,con,small,10.0,Khoảng 5-15g (1 con nhỏ)
VDD_8075_nuong_convert,Ốc hương (nướng),con,con,medium,20.0,Khoảng 16-25g (1 con vừa)
VDD_8075_nuong_convert,Ốc hương (nướng),con,con,large,35.0,Khoảng 26-45g (1 con lớn)
VDD_8075003,Ốc hương (luộc / hấp),con,con,small,10.0,Khoảng 5-15g (1 con nhỏ)
VDD_8075003,Ốc hương (luộc / hấp),con,con,medium,20.0,Khoảng 16-25g (1 con vừa)
VDD_8075003,Ốc hương (luộc / hấp),con,con,large,35.0,Khoảng 26-45g (1 con lớn)
VDD_8076003,Ốc len (luộc / hấp),con,con,small,10.0,Khoảng 5-15g (1 con nhỏ)
VDD_8076003,Ốc len (luộc / hấp),con,con,medium,20.0,Khoảng 16-25g (1 con vừa)
VDD_8076003,Ốc len (luộc / hấp),con,con,large,35.0,Khoảng 26-45g (1 con lớn)
VDD_9001,Trứng gà ta,quả,qua,small,45.0,Khoảng 40-48g (1 quả trứng gà nhỏ)
VDD_9001,Trứng gà ta,quả,qua,medium,55.0,Khoảng 50-58g (1 quả trứng gà vừa chuẩn)
VDD_9001,Trứng gà ta,quả,qua,large,65.0,Khoảng 60-70g (1 quả trứng gà to/hai lòng đỏ)
VDD_9001_luoc_convert,Trứng gà ta (luộc),quả,qua,small,45.0,Khoảng 40-48g (1 quả trứng gà nhỏ)
VDD_9001_luoc_convert,Trứng gà ta (luộc),quả,qua,medium,55.0,Khoảng 50-58g (1 quả trứng gà vừa chuẩn)
VDD_9001_luoc_convert,Trứng gà ta (luộc),quả,qua,large,65.0,Khoảng 60-70g (1 quả trứng gà to/hai lòng đỏ)
VDD_9001_ran_convert,Trứng gà (chiên / rán),quả,qua,small,45.0,Khoảng 40-48g (1 quả trứng gà nhỏ)
VDD_9001_ran_convert,Trứng gà (chiên / rán),quả,qua,medium,55.0,Khoảng 50-58g (1 quả trứng gà vừa chuẩn)
VDD_9001_ran_convert,Trứng gà (chiên / rán),quả,qua,large,65.0,Khoảng 60-70g (1 quả trứng gà to/hai lòng đỏ)
VDD_9002,Lòng đỏ trứng gà,quả,qua,small,45.0,Khoảng 40-48g (1 quả trứng gà nhỏ)
VDD_9002,Lòng đỏ trứng gà,quả,qua,medium,55.0,Khoảng 50-58g (1 quả trứng gà vừa chuẩn)
VDD_9002,Lòng đỏ trứng gà,quả,qua,large,65.0,Khoảng 60-70g (1 quả trứng gà to/hai lòng đỏ)
VDD_9003,Lòng trắng trứng gà,quả,qua,small,45.0,Khoảng 40-48g (1 quả trứng gà nhỏ)
VDD_9003,Lòng trắng trứng gà,quả,qua,medium,55.0,Khoảng 50-58g (1 quả trứng gà vừa chuẩn)
VDD_9003,Lòng trắng trứng gà,quả,qua,large,65.0,Khoảng 60-70g (1 quả trứng gà to/hai lòng đỏ)
VDD_9004,Trứng vịt,quả,qua,small,60.0,Khoảng 55-64g (1 quả trứng vịt nhỏ)
VDD_9004,Trứng vịt,quả,qua,medium,70.0,Khoảng 65-75g (1 quả trứng vịt vừa chuẩn)
VDD_9004,Trứng vịt,quả,qua,large,85.0,Khoảng 80-90g (1 quả trứng vịt to)
VDD_9004_luoc_convert,Trứng vịt (luộc),quả,qua,small,60.0,Khoảng 55-64g (1 quả trứng vịt nhỏ)
VDD_9004_luoc_convert,Trứng vịt (luộc),quả,qua,medium,70.0,Khoảng 65-75g (1 quả trứng vịt vừa chuẩn)
VDD_9004_luoc_convert,Trứng vịt (luộc),quả,qua,large,85.0,Khoảng 80-90g (1 quả trứng vịt to)
VDD_9004_ran_convert,Trứng vịt (chiên / rán),quả,qua,small,60.0,Khoảng 55-64g (1 quả trứng vịt nhỏ)
VDD_9004_ran_convert,Trứng vịt (chiên / rán),quả,qua,medium,70.0,Khoảng 65-75g (1 quả trứng vịt vừa chuẩn)
VDD_9004_ran_convert,Trứng vịt (chiên / rán),quả,qua,large,85.0,Khoảng 80-90g (1 quả trứng vịt to)
VDD_9005,Lòng đỏ trứng vịt,quả,qua,small,60.0,Khoảng 55-64g (1 quả trứng vịt nhỏ)
VDD_9005,Lòng đỏ trứng vịt,quả,qua,medium,70.0,Khoảng 65-75g (1 quả trứng vịt vừa chuẩn)
VDD_9005,Lòng đỏ trứng vịt,quả,qua,large,85.0,Khoảng 80-90g (1 quả trứng vịt to)
VDD_9006,Lòng trắng trứng vịt,quả,qua,small,60.0,Khoảng 55-64g (1 quả trứng vịt nhỏ)
VDD_9006,Lòng trắng trứng vịt,quả,qua,medium,70.0,Khoảng 65-75g (1 quả trứng vịt vừa chuẩn)
VDD_9006,Lòng trắng trứng vịt,quả,qua,large,85.0,Khoảng 80-90g (1 quả trứng vịt to)
VDD_9007,Trứng chim cút,quả,qua,small,9.0,Khoảng 8-10g (1 quả trứng cút nhỏ)
VDD_9007,Trứng chim cút,quả,qua,medium,11.0,Khoảng 10-12g (1 quả trứng cút vừa)
VDD_9007,Trứng chim cút,quả,qua,large,14.0,Khoảng 13-16g (1 quả trứng cút to)
VDD_9007_luoc_convert,Trứng chim cút (luộc),quả,qua,small,9.0,Khoảng 8-10g (1 quả trứng cút nhỏ)
VDD_9007_luoc_convert,Trứng chim cút (luộc),quả,qua,medium,11.0,Khoảng 10-12g (1 quả trứng cút vừa)
VDD_9007_luoc_convert,Trứng chim cút (luộc),quả,qua,large,14.0,Khoảng 13-16g (1 quả trứng cút to)
VDD_9007_ran_convert,Trứng chim cút (chiên / rán),quả,qua,small,9.0,Khoảng 8-10g (1 quả trứng cút nhỏ)
VDD_9007_ran_convert,Trứng chim cút (chiên / rán),quả,qua,medium,11.0,Khoảng 10-12g (1 quả trứng cút vừa)
VDD_9007_ran_convert,Trứng chim cút (chiên / rán),quả,qua,large,14.0,Khoảng 13-16g (1 quả trứng cút to)
VDD_9010,Trứng vịt lộn,quả,qua,small,60.0,Khoảng 55-64g (1 quả trứng vịt nhỏ)
VDD_9010,Trứng vịt lộn,quả,qua,medium,70.0,Khoảng 65-75g (1 quả trứng vịt vừa chuẩn)
VDD_9010,Trứng vịt lộn,quả,qua,large,85.0,Khoảng 80-90g (1 quả trứng vịt to)
VDD_9012,Trứng gà công nghiệp,quả,qua,small,45.0,Khoảng 40-48g (1 quả trứng gà nhỏ)
VDD_9012,Trứng gà công nghiệp,quả,qua,medium,55.0,Khoảng 50-58g (1 quả trứng gà vừa chuẩn)
VDD_9012,Trứng gà công nghiệp,quả,qua,large,65.0,Khoảng 60-70g (1 quả trứng gà to/hai lòng đỏ)
VDD_9012_luoc_convert,Trứng gà công nghiệp (luộc),quả,qua,small,45.0,Khoảng 40-48g (1 quả trứng gà nhỏ)
VDD_9012_luoc_convert,Trứng gà công nghiệp (luộc),quả,qua,medium,55.0,Khoảng 50-58g (1 quả trứng gà vừa chuẩn)
VDD_9012_luoc_convert,Trứng gà công nghiệp (luộc),quả,qua,large,65.0,Khoảng 60-70g (1 quả trứng gà to/hai lòng đỏ)
VDD_11001,Dầu thực vật,muỗng canh,muong canh,small,5.0,Khoảng 1-8g (1 muỗng cà phê / ít)
VDD_11001,Dầu thực vật,muỗng canh,muong canh,medium,15.0,Khoảng 9-18g (1 muỗng canh vừa chuẩn)
VDD_11001,Dầu thực vật,muỗng canh,muong canh,large,25.0,Khoảng 19-30g (1 muỗng rưỡi / nhiều)
VDD_11001,Dầu thực vật,muỗng cà phê,muong ca phe,medium,5.0,Khoảng 3-6g (1 thìa cà phê gia vị)
VDD_11015,Cá thu hộp,khúc,khuc,small,70.0,Khoảng 50-80g (1 khúc nhỏ)
VDD_11015,Cá thu hộp,khúc,khuc,medium,110.0,Khoảng 90-130g (1 khúc vừa)
VDD_11015,Cá thu hộp,khúc,khuc,large,160.0,Khoảng 140-190g (1 khúc lớn)
VDD_11017,Thịt bò hộp,miếng,mieng,small,40.0,Khoảng 30-50g (1 phần/gắp ít)
VDD_11017,Thịt bò hộp,miếng,mieng,medium,70.0,Khoảng 60-80g (1 phần vừa chuẩn)
VDD_11017,Thịt bò hộp,miếng,mieng,large,100.0,Khoảng 90-120g (1 phần nhiều/suất đẫy)
VDD_11018,Thịt gà hộp,miếng,mieng,small,40.0,Khoảng 30-50g (1 phần/gắp nhỏ)
VDD_11018,Thịt gà hộp,miếng,mieng,medium,70.0,Khoảng 60-80g (1 phần vừa)
VDD_11018,Thịt gà hộp,miếng,mieng,large,100.0,Khoảng 90-120g (1 phần lớn)
VDD_11019,Thịt lợn hộp,miếng,mieng,small,40.0,Khoảng 30-50g (1 phần/gắp ít)
VDD_11019,Thịt lợn hộp,miếng,mieng,medium,70.0,Khoảng 60-80g (1 phần vừa chuẩn)
VDD_11019,Thịt lợn hộp,miếng,mieng,large,100.0,Khoảng 90-120g (1 phần nhiều/suất đẫy)
VDD_12013,Đường cát,muỗng cà phê,muong ca phe,small,2.0,Khoảng 0.5-3g (1 nhúm ít)
VDD_12013,Đường cát,muỗng cà phê,muong ca phe,medium,5.0,Khoảng 4-6g (1 thìa cà phê vừa)
VDD_12013,Đường cát,muỗng cà phê,muong ca phe,large,10.0,Khoảng 7-12g (1 thìa đầy có ngọn)
VDD_12013,Đường cát,muỗng canh,muong canh,medium,15.0,Khoảng 12-18g (1 thìa canh lớn)
VDD_13004,Hạt tiêu,muỗng cà phê,muong ca phe,small,2.0,Khoảng 0.5-3g (1 nhúm ít)
VDD_13004,Hạt tiêu,muỗng cà phê,muong ca phe,medium,5.0,Khoảng 4-6g (1 thìa cà phê vừa)
VDD_13004,Hạt tiêu,muỗng cà phê,muong ca phe,large,10.0,Khoảng 7-12g (1 thìa đầy có ngọn)
VDD_13004,Hạt tiêu,muỗng canh,muong canh,medium,15.0,Khoảng 12-18g (1 thìa canh lớn)
VDD_13005,Muối,muỗng cà phê,muong ca phe,small,2.0,Khoảng 0.5-3g (1 nhúm ít)
VDD_13005,Muối,muỗng cà phê,muong ca phe,medium,5.0,Khoảng 4-6g (1 thìa cà phê vừa)
VDD_13005,Muối,muỗng cà phê,muong ca phe,large,10.0,Khoảng 7-12g (1 thìa đầy có ngọn)
VDD_13005,Muối,muỗng canh,muong canh,medium,15.0,Khoảng 12-18g (1 thìa canh lớn)
VDD_13017,Nước mắm cá,con,con,small,10.0,Khoảng 5-15g (1 con nhỏ)
VDD_13017,Nước mắm cá,con,con,medium,20.0,Khoảng 16-25g (1 con vừa)
VDD_13017,Nước mắm cá,con,con,large,35.0,Khoảng 26-45g (1 con lớn)
VDD_13019,Xì dầu (nước tương),con,con,small,10.0,Khoảng 5-15g (1 con nhỏ)
VDD_13019,Xì dầu (nước tương),con,con,medium,20.0,Khoảng 16-25g (1 con vừa)
VDD_13019,Xì dầu (nước tương),con,con,large,35.0,Khoảng 26-45g (1 con lớn)
VDD_13021,Tương ớt,muỗng canh,muong canh,small,5.0,Khoảng 1-8g (1 muỗng cà phê / ít)
VDD_13021,Tương ớt,muỗng canh,muong canh,medium,15.0,Khoảng 9-18g (1 muỗng canh vừa chuẩn)
VDD_13021,Tương ớt,muỗng canh,muong canh,large,25.0,Khoảng 19-30g (1 muỗng rưỡi / nhiều)
VDD_13021,Tương ớt,muỗng cà phê,muong ca phe,medium,5.0,Khoảng 3-6g (1 thìa cà phê gia vị)
VDD_13022,Xì dầu,muỗng canh,muong canh,small,5.0,Khoảng 1-8g (1 muỗng cà phê / ít)
VDD_13022,Xì dầu,muỗng canh,muong canh,medium,15.0,Khoảng 9-18g (1 muỗng canh vừa chuẩn)
VDD_13022,Xì dầu,muỗng canh,muong canh,large,25.0,Khoảng 19-30g (1 muỗng rưỡi / nhiều)
VDD_13022,Xì dầu,muỗng cà phê,muong ca phe,medium,5.0,Khoảng 3-6g (1 thìa cà phê gia vị)
VDD_13032,Nước sốt cà chua,con,con,small,10.0,Khoảng 5-15g (1 con nhỏ)
VDD_13032,Nước sốt cà chua,con,con,medium,20.0,Khoảng 16-25g (1 con vừa)
VDD_13032,Nước sốt cà chua,con,con,large,35.0,Khoảng 26-45g (1 con lớn)
VDD_14006,Nước dừa non tươi,con,con,small,10.0,Khoảng 5-15g (1 con nhỏ)
VDD_14006,Nước dừa non tươi,con,con,medium,20.0,Khoảng 16-25g (1 con vừa)
VDD_14006,Nước dừa non tươi,con,con,large,35.0,Khoảng 26-45g (1 con lớn)
VDD_15041,Chả quế,lát,lat,small,20.0,Khoảng 15-25g (1 lát mỏng)
VDD_15041,Chả quế,lát,lat,medium,35.0,Khoảng 30-45g (1 khoanh/lát vừa)
VDD_15041,Chả quế,lát,lat,large,60.0,Khoảng 50-70g (1 khoanh dày)
USDA_169655,Đường phèn,con,con,small,10.0,Khoảng 5-15g (1 con nhỏ)
USDA_169655,Đường phèn,con,con,medium,20.0,Khoảng 16-25g (1 con vừa)
USDA_169655,Đường phèn,con,con,large,35.0,Khoảng 26-45g (1 con lớn)
USDA_169910,Xoài xanh (tươi),quả,qua,small,150.0,Khoảng 120-180g (1 quả nhỏ)
USDA_169910,Xoài xanh (tươi),quả,qua,medium,250.0,Khoảng 200-280g (1 quả vừa)
USDA_169910,Xoài xanh (tươi),quả,qua,large,380.0,Khoảng 320-420g (1 quả to)
USDA_170172,Nước cốt dừa,con,con,small,10.0,Khoảng 5-15g (1 con nhỏ)
USDA_170172,Nước cốt dừa,con,con,medium,20.0,Khoảng 16-25g (1 con vừa)
USDA_170172,Nước cốt dừa,con,con,large,35.0,Khoảng 26-45g (1 con lớn)
USDA_170721,Khoai tây chiên,củ,cu,small,90.0,Khoảng 70-100g (1 củ nhỏ)
USDA_170721,Khoai tây chiên,củ,cu,medium,140.0,Khoảng 120-160g (1 củ vừa)
USDA_170721,Khoai tây chiên,củ,cu,large,200.0,Khoảng 180-230g (1 củ lớn)
USDA_174261,Lạc rang (Đậu phụng rang),miếng,mieng,small,80.0,Khoảng 60-90g (1 miếng nhỏ)
USDA_174261,Lạc rang (Đậu phụng rang),miếng,mieng,medium,120.0,Khoảng 100-140g (1 bìa vừa)
USDA_174261,Lạc rang (Đậu phụng rang),miếng,mieng,large,180.0,Khoảng 150-200g (1 bìa lớn)
USDA_2709733,Sốt cà chua (Tương cà),quả,qua,small,50.0,Khoảng 40-60g (1 quả nhỏ)
USDA_2709733,Sốt cà chua (Tương cà),quả,qua,medium,80.0,Khoảng 70-95g (1 quả vừa)
USDA_2709733,Sốt cà chua (Tương cà),quả,qua,large,120.0,Khoảng 100-140g (1 quả lớn)
USDA_HOISIN,Tương đen (Tương ngọt),bắp,bap,small,130.0,Khoảng 100-150g (1 bắp nhỏ phần hạt)
USDA_HOISIN,Tương đen (Tương ngọt),bắp,bap,medium,180.0,Khoảng 160-200g (1 bắp vừa)
USDA_HOISIN,Tương đen (Tương ngọt),bắp,bap,large,240.0,Khoảng 210-270g (1 bắp to)
MANUAL_BROTH_BO,Nước dùng bò (nước hầm xương),con,con,small,10.0,Khoảng 5-15g (1 con nhỏ)
MANUAL_BROTH_BO,Nước dùng bò (nước hầm xương),con,con,medium,20.0,Khoảng 16-25g (1 con vừa)
MANUAL_BROTH_BO,Nước dùng bò (nước hầm xương),con,con,large,35.0,Khoảng 26-45g (1 con lớn)
MANUAL_BROTH_GA,Nước dùng gà (nước hầm xương),con,con,small,10.0,Khoảng 5-15g (1 con nhỏ)
MANUAL_BROTH_GA,Nước dùng gà (nước hầm xương),con,con,medium,20.0,Khoảng 16-25g (1 con vừa)
MANUAL_BROTH_GA,Nước dùng gà (nước hầm xương),con,con,large,35.0,Khoảng 26-45g (1 con lớn)
MANUAL_BROTH_HEO,Nước dùng heo (nước hầm xương),con,con,small,10.0,Khoảng 5-15g (1 con nhỏ)
MANUAL_BROTH_HEO,Nước dùng heo (nước hầm xương),con,con,medium,20.0,Khoảng 16-25g (1 con vừa)
MANUAL_BROTH_HEO,Nước dùng heo (nước hầm xương),con,con,large,35.0,Khoảng 26-45g (1 con lớn)
MANUAL_SOT_BO_TRUNG,Sốt bơ trứng (bơ bánh mì),ổ,o,small,70.0,Khoảng 60-80g (1 ổ nhỏ)
MANUAL_SOT_BO_TRUNG,Sốt bơ trứng (bơ bánh mì),ổ,o,medium,90.0,Khoảng 85-95g (1 ổ vừa tiêu chuẩn)
MANUAL_SOT_BO_TRUNG,Sốt bơ trứng (bơ bánh mì),ổ,o,large,120.0,Khoảng 110-130g (1 ổ lớn đặc ruột)
